u	v	kind	res_ohm
0	1	x	9.205319961e-03
0	21	y	3.113737108e-02
1	2	x	9.205319961e-03
1	22	y	3.113737108e-02
2	3	x	9.205319961e-03
2	23	y	3.113737108e-02
3	4	x	9.205319961e-03
3	24	y	3.113737108e-02
4	5	x	9.205319961e-03
4	25	y	3.113737108e-02
5	6	x	9.205319961e-03
5	26	y	3.113737108e-02
6	7	x	9.205319961e-03
6	27	y	3.113737108e-02
7	8	x	9.205319961e-03
7	28	y	3.113737108e-02
8	9	x	9.205319961e-03
8	29	y	3.113737108e-02
9	10	x	9.205319961e-03
9	30	y	3.113737108e-02
10	11	x	9.205319961e-03
10	31	y	3.113737108e-02
11	12	x	9.205319961e-03
11	32	y	3.113737108e-02
12	13	x	9.205319961e-03
12	33	y	3.113737108e-02
13	14	x	9.205319961e-03
13	34	y	3.113737108e-02
14	15	x	9.205319961e-03
14	35	y	3.113737108e-02
15	16	x	9.205319961e-03
15	36	y	3.113737108e-02
16	17	x	9.205319961e-03
16	37	y	3.113737108e-02
17	18	x	9.205319961e-03
17	38	y	3.113737108e-02
18	19	x	9.205319961e-03
18	39	y	3.113737108e-02
19	20	x	9.205319961e-03
19	40	y	3.113737108e-02
20	41	y	3.113737108e-02
21	22	x	9.205319961e-03
21	42	y	3.113737108e-02
22	23	x	9.205319961e-03
22	43	y	3.113737108e-02
23	24	x	9.205319961e-03
23	44	y	3.113737108e-02
24	25	x	9.205319961e-03
24	45	y	3.113737108e-02
25	26	x	9.205319961e-03
25	46	y	3.113737108e-02
26	27	x	9.205319961e-03
26	47	y	3.113737108e-02
27	28	x	9.205319961e-03
27	48	y	3.113737108e-02
28	29	x	9.205319961e-03
28	49	y	3.113737108e-02
29	30	x	9.205319961e-03
29	50	y	3.113737108e-02
30	31	x	9.205319961e-03
30	51	y	3.113737108e-02
31	32	x	9.205319961e-03
31	52	y	3.113737108e-02
32	33	x	9.205319961e-03
32	53	y	3.113737108e-02
33	34	x	9.205319961e-03
33	54	y	3.113737108e-02
34	35	x	9.205319961e-03
34	55	y	3.113737108e-02
35	36	x	9.205319961e-03
35	56	y	3.113737108e-02
36	37	x	9.205319961e-03
36	57	y	3.113737108e-02
37	38	x	9.205319961e-03
37	58	y	3.113737108e-02
38	39	x	9.205319961e-03
38	59	y	3.113737108e-02
39	40	x	9.205319961e-03
39	60	y	3.113737108e-02
40	41	x	9.205319961e-03
40	61	y	3.113737108e-02
41	62	y	3.113737108e-02
42	43	x	9.205319961e-03
42	63	y	3.113737108e-02
43	44	x	9.205319961e-03
43	64	y	3.113737108e-02
44	45	x	9.205319961e-03
44	65	y	3.113737108e-02
45	46	x	9.205319961e-03
45	66	y	3.113737108e-02
46	47	x	9.205319961e-03
46	67	y	3.113737108e-02
47	48	x	9.205319961e-03
47	68	y	3.113737108e-02
48	49	x	9.205319961e-03
48	69	y	3.113737108e-02
49	50	x	9.205319961e-03
49	70	y	3.113737108e-02
50	51	x	9.205319961e-03
50	71	y	3.113737108e-02
51	52	x	9.205319961e-03
51	72	y	3.113737108e-02
52	53	x	9.205319961e-03
52	73	y	3.113737108e-02
53	54	x	9.205319961e-03
53	74	y	3.113737108e-02
54	55	x	9.205319961e-03
54	75	y	3.113737108e-02
55	56	x	9.205319961e-03
55	76	y	3.113737108e-02
56	57	x	9.205319961e-03
56	77	y	3.113737108e-02
57	58	x	9.205319961e-03
57	78	y	3.113737108e-02
58	59	x	9.205319961e-03
58	79	y	3.113737108e-02
59	60	x	9.205319961e-03
59	80	y	3.113737108e-02
60	61	x	9.205319961e-03
60	81	y	3.113737108e-02
61	62	x	9.205319961e-03
61	82	y	3.113737108e-02
62	83	y	3.113737108e-02
63	64	x	9.205319961e-03
63	84	y	3.113737108e-02
64	65	x	9.205319961e-03
64	85	y	3.113737108e-02
65	66	x	9.205319961e-03
65	86	y	3.113737108e-02
66	67	x	9.205319961e-03
66	87	y	3.113737108e-02
67	68	x	9.205319961e-03
67	88	y	3.113737108e-02
68	69	x	9.205319961e-03
68	89	y	3.113737108e-02
69	70	x	9.205319961e-03
69	90	y	3.113737108e-02
70	71	x	9.205319961e-03
70	91	y	3.113737108e-02
71	72	x	9.205319961e-03
71	92	y	3.113737108e-02
72	73	x	9.205319961e-03
72	93	y	3.113737108e-02
73	74	x	9.205319961e-03
73	94	y	3.113737108e-02
74	75	x	9.205319961e-03
74	95	y	3.113737108e-02
75	76	x	9.205319961e-03
75	96	y	3.113737108e-02
76	77	x	9.205319961e-03
76	97	y	3.113737108e-02
77	78	x	9.205319961e-03
77	98	y	3.113737108e-02
78	79	x	9.205319961e-03
78	99	y	3.113737108e-02
79	80	x	9.205319961e-03
79	100	y	3.113737108e-02
80	81	x	9.205319961e-03
80	101	y	3.113737108e-02
81	82	x	9.205319961e-03
81	102	y	3.113737108e-02
82	83	x	9.205319961e-03
82	103	y	3.113737108e-02
83	104	y	3.113737108e-02
84	85	x	9.205319961e-03
84	105	y	3.113737108e-02
85	86	x	9.205319961e-03
85	106	y	3.113737108e-02
86	87	x	9.205319961e-03
86	107	y	3.113737108e-02
87	88	x	9.205319961e-03
87	108	y	3.113737108e-02
88	89	x	9.205319961e-03
88	109	y	3.113737108e-02
89	90	x	9.205319961e-03
89	110	y	3.113737108e-02
90	91	x	9.205319961e-03
90	111	y	3.113737108e-02
91	92	x	9.205319961e-03
91	112	y	3.113737108e-02
92	93	x	9.205319961e-03
92	113	y	3.113737108e-02
93	94	x	9.205319961e-03
93	114	y	3.113737108e-02
94	95	x	9.205319961e-03
94	115	y	3.113737108e-02
95	96	x	9.205319961e-03
95	116	y	3.113737108e-02
96	97	x	9.205319961e-03
96	117	y	3.113737108e-02
97	98	x	9.205319961e-03
97	118	y	3.113737108e-02
98	99	x	9.205319961e-03
98	119	y	3.113737108e-02
99	100	x	9.205319961e-03
99	120	y	3.113737108e-02
100	101	x	9.205319961e-03
100	121	y	3.113737108e-02
101	102	x	9.205319961e-03
101	122	y	3.113737108e-02
102	103	x	9.205319961e-03
102	123	y	3.113737108e-02
103	104	x	9.205319961e-03
103	124	y	3.113737108e-02
104	125	y	3.113737108e-02
105	106	x	9.205319961e-03
105	126	y	3.113737108e-02
106	107	x	9.205319961e-03
106	127	y	3.113737108e-02
107	108	x	9.205319961e-03
107	128	y	3.113737108e-02
108	109	x	9.205319961e-03
108	129	y	3.113737108e-02
109	110	x	9.205319961e-03
109	130	y	3.113737108e-02
110	111	x	9.205319961e-03
110	131	y	3.113737108e-02
111	112	x	9.205319961e-03
111	132	y	3.113737108e-02
112	113	x	9.205319961e-03
112	133	y	3.113737108e-02
113	114	x	9.205319961e-03
113	134	y	3.113737108e-02
114	115	x	9.205319961e-03
114	135	y	3.113737108e-02
115	116	x	9.205319961e-03
115	136	y	3.113737108e-02
116	117	x	9.205319961e-03
116	137	y	3.113737108e-02
117	118	x	9.205319961e-03
117	138	y	3.113737108e-02
118	119	x	9.205319961e-03
118	139	y	3.113737108e-02
119	120	x	9.205319961e-03
119	140	y	3.113737108e-02
120	121	x	9.205319961e-03
120	141	y	3.113737108e-02
121	122	x	9.205319961e-03
121	142	y	3.113737108e-02
122	123	x	9.205319961e-03
122	143	y	3.113737108e-02
123	124	x	9.205319961e-03
123	144	y	3.113737108e-02
124	125	x	9.205319961e-03
124	145	y	3.113737108e-02
125	146	y	3.113737108e-02
126	127	x	9.205319961e-03
126	147	y	3.113737108e-02
127	128	x	9.205319961e-03
127	148	y	3.113737108e-02
128	129	x	9.205319961e-03
128	149	y	3.113737108e-02
129	130	x	9.205319961e-03
129	150	y	3.113737108e-02
130	131	x	9.205319961e-03
130	151	y	3.113737108e-02
131	132	x	9.205319961e-03
131	152	y	3.113737108e-02
132	133	x	9.205319961e-03
132	153	y	3.113737108e-02
133	134	x	9.205319961e-03
133	154	y	3.113737108e-02
134	135	x	9.205319961e-03
134	155	y	3.113737108e-02
135	136	x	9.205319961e-03
135	156	y	3.113737108e-02
136	137	x	9.205319961e-03
136	157	y	3.113737108e-02
137	138	x	9.205319961e-03
137	158	y	3.113737108e-02
138	139	x	9.205319961e-03
138	159	y	3.113737108e-02
139	140	x	9.205319961e-03
139	160	y	3.113737108e-02
140	141	x	9.205319961e-03
140	161	y	3.113737108e-02
141	142	x	9.205319961e-03
141	162	y	3.113737108e-02
142	143	x	9.205319961e-03
142	163	y	3.113737108e-02
143	144	x	9.205319961e-03
143	164	y	3.113737108e-02
144	145	x	9.205319961e-03
144	165	y	3.113737108e-02
145	146	x	9.205319961e-03
145	166	y	3.113737108e-02
146	167	y	3.113737108e-02
147	148	x	9.205319961e-03
147	168	y	3.113737108e-02
148	149	x	9.205319961e-03
148	169	y	3.113737108e-02
149	150	x	9.205319961e-03
149	170	y	3.113737108e-02
150	151	x	9.205319961e-03
150	171	y	3.113737108e-02
151	152	x	9.205319961e-03
151	172	y	3.113737108e-02
152	153	x	9.205319961e-03
152	173	y	3.113737108e-02
153	154	x	9.205319961e-03
153	174	y	3.113737108e-02
154	155	x	9.205319961e-03
154	175	y	3.113737108e-02
155	156	x	9.205319961e-03
155	176	y	3.113737108e-02
156	157	x	9.205319961e-03
156	177	y	3.113737108e-02
157	158	x	9.205319961e-03
157	178	y	3.113737108e-02
158	159	x	9.205319961e-03
158	179	y	3.113737108e-02
159	160	x	9.205319961e-03
159	180	y	3.113737108e-02
160	161	x	9.205319961e-03
160	181	y	3.113737108e-02
161	162	x	9.205319961e-03
161	182	y	3.113737108e-02
162	163	x	9.205319961e-03
162	183	y	3.113737108e-02
163	164	x	9.205319961e-03
163	184	y	3.113737108e-02
164	165	x	9.205319961e-03
164	185	y	3.113737108e-02
165	166	x	9.205319961e-03
165	186	y	3.113737108e-02
166	167	x	9.205319961e-03
166	187	y	3.113737108e-02
167	188	y	3.113737108e-02
168	169	x	9.205319961e-03
168	189	y	3.113737108e-02
169	170	x	9.205319961e-03
169	190	y	3.113737108e-02
170	171	x	9.205319961e-03
170	191	y	3.113737108e-02
171	172	x	9.205319961e-03
171	192	y	3.113737108e-02
172	173	x	9.205319961e-03
172	193	y	3.113737108e-02
173	174	x	9.205319961e-03
173	194	y	3.113737108e-02
174	175	x	9.205319961e-03
174	195	y	3.113737108e-02
175	176	x	9.205319961e-03
175	196	y	3.113737108e-02
176	177	x	9.205319961e-03
176	197	y	3.113737108e-02
177	178	x	9.205319961e-03
177	198	y	3.113737108e-02
178	179	x	9.205319961e-03
178	199	y	3.113737108e-02
179	180	x	9.205319961e-03
179	200	y	3.113737108e-02
180	181	x	9.205319961e-03
180	201	y	3.113737108e-02
181	182	x	9.205319961e-03
181	202	y	3.113737108e-02
182	183	x	9.205319961e-03
182	203	y	3.113737108e-02
183	184	x	9.205319961e-03
183	204	y	3.113737108e-02
184	185	x	9.205319961e-03
184	205	y	3.113737108e-02
185	186	x	9.205319961e-03
185	206	y	3.113737108e-02
186	187	x	9.205319961e-03
186	207	y	3.113737108e-02
187	188	x	9.205319961e-03
187	208	y	3.113737108e-02
188	209	y	3.113737108e-02
189	190	x	9.205319961e-03
189	210	y	3.113737108e-02
190	191	x	9.205319961e-03
190	211	y	3.113737108e-02
191	192	x	9.205319961e-03
191	212	y	3.113737108e-02
192	193	x	9.205319961e-03
192	213	y	3.113737108e-02
193	194	x	9.205319961e-03
193	214	y	3.113737108e-02
194	195	x	9.205319961e-03
194	215	y	3.113737108e-02
195	196	x	9.205319961e-03
195	216	y	3.113737108e-02
196	197	x	9.205319961e-03
196	217	y	3.113737108e-02
197	198	x	9.205319961e-03
197	218	y	3.113737108e-02
198	199	x	9.205319961e-03
198	219	y	3.113737108e-02
199	200	x	9.205319961e-03
199	220	y	3.113737108e-02
200	201	x	9.205319961e-03
200	221	y	3.113737108e-02
201	202	x	9.205319961e-03
201	222	y	3.113737108e-02
202	203	x	9.205319961e-03
202	223	y	3.113737108e-02
203	204	x	9.205319961e-03
203	224	y	3.113737108e-02
204	205	x	9.205319961e-03
204	225	y	3.113737108e-02
205	206	x	9.205319961e-03
205	226	y	3.113737108e-02
206	207	x	9.205319961e-03
206	227	y	3.113737108e-02
207	208	x	9.205319961e-03
207	228	y	3.113737108e-02
208	209	x	9.205319961e-03
208	229	y	3.113737108e-02
209	230	y	3.113737108e-02
210	211	x	9.205319961e-03
210	231	y	3.113737108e-02
211	212	x	9.205319961e-03
211	232	y	3.113737108e-02
212	213	x	9.205319961e-03
212	233	y	3.113737108e-02
213	214	x	9.205319961e-03
213	234	y	3.113737108e-02
214	215	x	9.205319961e-03
214	235	y	3.113737108e-02
215	216	x	9.205319961e-03
215	236	y	3.113737108e-02
216	217	x	9.205319961e-03
216	237	y	3.113737108e-02
217	218	x	9.205319961e-03
217	238	y	3.113737108e-02
218	219	x	9.205319961e-03
218	239	y	3.113737108e-02
219	220	x	9.205319961e-03
219	240	y	3.113737108e-02
220	221	x	9.205319961e-03
220	241	y	3.113737108e-02
221	222	x	9.205319961e-03
221	242	y	3.113737108e-02
222	223	x	9.205319961e-03
222	243	y	3.113737108e-02
223	224	x	9.205319961e-03
223	244	y	3.113737108e-02
224	225	x	9.205319961e-03
224	245	y	3.113737108e-02
225	226	x	9.205319961e-03
225	246	y	3.113737108e-02
226	227	x	9.205319961e-03
226	247	y	3.113737108e-02
227	228	x	9.205319961e-03
227	248	y	3.113737108e-02
228	229	x	9.205319961e-03
228	249	y	3.113737108e-02
229	230	x	9.205319961e-03
229	250	y	3.113737108e-02
230	251	y	3.113737108e-02
231	232	x	9.205319961e-03
231	252	y	3.113737108e-02
232	233	x	9.205319961e-03
232	253	y	3.113737108e-02
233	234	x	9.205319961e-03
233	254	y	3.113737108e-02
234	235	x	9.205319961e-03
234	255	y	3.113737108e-02
235	236	x	9.205319961e-03
235	256	y	3.113737108e-02
236	237	x	9.205319961e-03
236	257	y	3.113737108e-02
237	238	x	9.205319961e-03
237	258	y	3.113737108e-02
238	239	x	9.205319961e-03
238	259	y	3.113737108e-02
239	240	x	9.205319961e-03
239	260	y	3.113737108e-02
240	241	x	9.205319961e-03
240	261	y	3.113737108e-02
241	242	x	9.205319961e-03
241	262	y	3.113737108e-02
242	243	x	9.205319961e-03
242	263	y	3.113737108e-02
243	244	x	9.205319961e-03
243	264	y	3.113737108e-02
244	245	x	9.205319961e-03
244	265	y	3.113737108e-02
245	246	x	9.205319961e-03
245	266	y	3.113737108e-02
246	247	x	9.205319961e-03
246	267	y	3.113737108e-02
247	248	x	9.205319961e-03
247	268	y	3.113737108e-02
248	249	x	9.205319961e-03
248	269	y	3.113737108e-02
249	250	x	9.205319961e-03
249	270	y	3.113737108e-02
250	251	x	9.205319961e-03
250	271	y	3.113737108e-02
251	272	y	3.113737108e-02
252	253	x	9.205319961e-03
252	273	y	3.113737108e-02
253	254	x	9.205319961e-03
253	274	y	3.113737108e-02
254	255	x	9.205319961e-03
254	275	y	3.113737108e-02
255	256	x	9.205319961e-03
255	276	y	3.113737108e-02
256	257	x	9.205319961e-03
256	277	y	3.113737108e-02
257	258	x	9.205319961e-03
257	278	y	3.113737108e-02
258	259	x	9.205319961e-03
258	279	y	3.113737108e-02
259	260	x	9.205319961e-03
259	280	y	3.113737108e-02
260	261	x	9.205319961e-03
260	281	y	3.113737108e-02
261	262	x	9.205319961e-03
261	282	y	3.113737108e-02
262	263	x	9.205319961e-03
262	283	y	3.113737108e-02
263	264	x	9.205319961e-03
263	284	y	3.113737108e-02
264	265	x	9.205319961e-03
264	285	y	3.113737108e-02
265	266	x	9.205319961e-03
265	286	y	3.113737108e-02
266	267	x	9.205319961e-03
266	287	y	3.113737108e-02
267	268	x	9.205319961e-03
267	288	y	3.113737108e-02
268	269	x	9.205319961e-03
268	289	y	3.113737108e-02
269	270	x	9.205319961e-03
269	290	y	3.113737108e-02
270	271	x	9.205319961e-03
270	291	y	3.113737108e-02
271	272	x	9.205319961e-03
271	292	y	3.113737108e-02
272	293	y	3.113737108e-02
273	274	x	9.205319961e-03
273	294	y	3.113737108e-02
274	275	x	9.205319961e-03
274	295	y	3.113737108e-02
275	276	x	9.205319961e-03
275	296	y	3.113737108e-02
276	277	x	9.205319961e-03
276	297	y	3.113737108e-02
277	278	x	9.205319961e-03
277	298	y	3.113737108e-02
278	279	x	9.205319961e-03
278	299	y	3.113737108e-02
279	280	x	9.205319961e-03
279	300	y	3.113737108e-02
280	281	x	9.205319961e-03
280	301	y	3.113737108e-02
281	282	x	9.205319961e-03
281	302	y	3.113737108e-02
282	283	x	9.205319961e-03
282	303	y	3.113737108e-02
283	284	x	9.205319961e-03
283	304	y	3.113737108e-02
284	285	x	9.205319961e-03
284	305	y	3.113737108e-02
285	286	x	9.205319961e-03
285	306	y	3.113737108e-02
286	287	x	9.205319961e-03
286	307	y	3.113737108e-02
287	288	x	9.205319961e-03
287	308	y	3.113737108e-02
288	289	x	9.205319961e-03
288	309	y	3.113737108e-02
289	290	x	9.205319961e-03
289	310	y	3.113737108e-02
290	291	x	9.205319961e-03
290	311	y	3.113737108e-02
291	292	x	9.205319961e-03
291	312	y	3.113737108e-02
292	293	x	9.205319961e-03
292	313	y	3.113737108e-02
293	314	y	3.113737108e-02
294	295	x	9.205319961e-03
294	315	y	3.113737108e-02
295	296	x	9.205319961e-03
295	316	y	3.113737108e-02
296	297	x	9.205319961e-03
296	317	y	3.113737108e-02
297	298	x	9.205319961e-03
297	318	y	3.113737108e-02
298	299	x	9.205319961e-03
298	319	y	3.113737108e-02
299	300	x	9.205319961e-03
299	320	y	3.113737108e-02
300	301	x	9.205319961e-03
300	321	y	3.113737108e-02
301	302	x	9.205319961e-03
301	322	y	3.113737108e-02
302	303	x	9.205319961e-03
302	323	y	3.113737108e-02
303	304	x	9.205319961e-03
303	324	y	3.113737108e-02
304	305	x	9.205319961e-03
304	325	y	3.113737108e-02
305	306	x	9.205319961e-03
305	326	y	3.113737108e-02
306	307	x	9.205319961e-03
306	327	y	3.113737108e-02
307	308	x	9.205319961e-03
307	328	y	3.113737108e-02
308	309	x	9.205319961e-03
308	329	y	3.113737108e-02
309	310	x	9.205319961e-03
309	330	y	3.113737108e-02
310	311	x	9.205319961e-03
310	331	y	3.113737108e-02
311	312	x	9.205319961e-03
311	332	y	3.113737108e-02
312	313	x	9.205319961e-03
312	333	y	3.113737108e-02
313	314	x	9.205319961e-03
313	334	y	3.113737108e-02
314	335	y	3.113737108e-02
315	316	x	9.205319961e-03
315	336	y	3.113737108e-02
316	317	x	9.205319961e-03
316	337	y	3.113737108e-02
317	318	x	9.205319961e-03
317	338	y	3.113737108e-02
318	319	x	9.205319961e-03
318	339	y	3.113737108e-02
319	320	x	9.205319961e-03
319	340	y	3.113737108e-02
320	321	x	9.205319961e-03
320	341	y	3.113737108e-02
321	322	x	9.205319961e-03
321	342	y	3.113737108e-02
322	323	x	9.205319961e-03
322	343	y	3.113737108e-02
323	324	x	9.205319961e-03
323	344	y	3.113737108e-02
324	325	x	9.205319961e-03
324	345	y	3.113737108e-02
325	326	x	9.205319961e-03
325	346	y	3.113737108e-02
326	327	x	9.205319961e-03
326	347	y	3.113737108e-02
327	328	x	9.205319961e-03
327	348	y	3.113737108e-02
328	329	x	9.205319961e-03
328	349	y	3.113737108e-02
329	330	x	9.205319961e-03
329	350	y	3.113737108e-02
330	331	x	9.205319961e-03
330	351	y	3.113737108e-02
331	332	x	9.205319961e-03
331	352	y	3.113737108e-02
332	333	x	9.205319961e-03
332	353	y	3.113737108e-02
333	334	x	9.205319961e-03
333	354	y	3.113737108e-02
334	335	x	9.205319961e-03
334	355	y	3.113737108e-02
335	356	y	3.113737108e-02
336	337	x	9.205319961e-03
336	357	y	3.113737108e-02
337	338	x	9.205319961e-03
337	358	y	3.113737108e-02
338	339	x	9.205319961e-03
338	359	y	3.113737108e-02
339	340	x	9.205319961e-03
339	360	y	3.113737108e-02
340	341	x	9.205319961e-03
340	361	y	3.113737108e-02
341	342	x	9.205319961e-03
341	362	y	3.113737108e-02
342	343	x	9.205319961e-03
342	363	y	3.113737108e-02
343	344	x	9.205319961e-03
343	364	y	3.113737108e-02
344	345	x	9.205319961e-03
344	365	y	3.113737108e-02
345	346	x	9.205319961e-03
345	366	y	3.113737108e-02
346	347	x	9.205319961e-03
346	367	y	3.113737108e-02
347	348	x	9.205319961e-03
347	368	y	3.113737108e-02
348	349	x	9.205319961e-03
348	369	y	3.113737108e-02
349	350	x	9.205319961e-03
349	370	y	3.113737108e-02
350	351	x	9.205319961e-03
350	371	y	3.113737108e-02
351	352	x	9.205319961e-03
351	372	y	3.113737108e-02
352	353	x	9.205319961e-03
352	373	y	3.113737108e-02
353	354	x	9.205319961e-03
353	374	y	3.113737108e-02
354	355	x	9.205319961e-03
354	375	y	3.113737108e-02
355	356	x	9.205319961e-03
355	376	y	3.113737108e-02
356	377	y	3.113737108e-02
357	358	x	9.205319961e-03
357	378	y	3.113737108e-02
358	359	x	9.205319961e-03
358	379	y	3.113737108e-02
359	360	x	9.205319961e-03
359	380	y	3.113737108e-02
360	361	x	9.205319961e-03
360	381	y	3.113737108e-02
361	362	x	9.205319961e-03
361	382	y	3.113737108e-02
362	363	x	9.205319961e-03
362	383	y	3.113737108e-02
363	364	x	9.205319961e-03
363	384	y	3.113737108e-02
364	365	x	9.205319961e-03
364	385	y	3.113737108e-02
365	366	x	9.205319961e-03
365	386	y	3.113737108e-02
366	367	x	9.205319961e-03
366	387	y	3.113737108e-02
367	368	x	9.205319961e-03
367	388	y	3.113737108e-02
368	369	x	9.205319961e-03
368	389	y	3.113737108e-02
369	370	x	9.205319961e-03
369	390	y	3.113737108e-02
370	371	x	9.205319961e-03
370	391	y	3.113737108e-02
371	372	x	9.205319961e-03
371	392	y	3.113737108e-02
372	373	x	9.205319961e-03
372	393	y	3.113737108e-02
373	374	x	9.205319961e-03
373	394	y	3.113737108e-02
374	375	x	9.205319961e-03
374	395	y	3.113737108e-02
375	376	x	9.205319961e-03
375	396	y	3.113737108e-02
376	377	x	9.205319961e-03
376	397	y	3.113737108e-02
377	398	y	3.113737108e-02
378	379	x	9.205319961e-03
378	399	y	3.113737108e-02
379	380	x	9.205319961e-03
379	400	y	3.113737108e-02
380	381	x	9.205319961e-03
380	401	y	3.113737108e-02
381	382	x	9.205319961e-03
381	402	y	3.113737108e-02
382	383	x	9.205319961e-03
382	403	y	3.113737108e-02
383	384	x	9.205319961e-03
383	404	y	3.113737108e-02
384	385	x	9.205319961e-03
384	405	y	3.113737108e-02
385	386	x	9.205319961e-03
385	406	y	3.113737108e-02
386	387	x	9.205319961e-03
386	407	y	3.113737108e-02
387	388	x	9.205319961e-03
387	408	y	3.113737108e-02
388	389	x	9.205319961e-03
388	409	y	3.113737108e-02
389	390	x	9.205319961e-03
389	410	y	3.113737108e-02
390	391	x	9.205319961e-03
390	411	y	3.113737108e-02
391	392	x	9.205319961e-03
391	412	y	3.113737108e-02
392	393	x	9.205319961e-03
392	413	y	3.113737108e-02
393	394	x	9.205319961e-03
393	414	y	3.113737108e-02
394	395	x	9.205319961e-03
394	415	y	3.113737108e-02
395	396	x	9.205319961e-03
395	416	y	3.113737108e-02
396	397	x	9.205319961e-03
396	417	y	3.113737108e-02
397	398	x	9.205319961e-03
397	418	y	3.113737108e-02
398	419	y	3.113737108e-02
399	400	x	9.205319961e-03
399	420	y	3.113737108e-02
400	401	x	9.205319961e-03
400	421	y	3.113737108e-02
401	402	x	9.205319961e-03
401	422	y	3.113737108e-02
402	403	x	9.205319961e-03
402	423	y	3.113737108e-02
403	404	x	9.205319961e-03
403	424	y	3.113737108e-02
404	405	x	9.205319961e-03
404	425	y	3.113737108e-02
405	406	x	9.205319961e-03
405	426	y	3.113737108e-02
406	407	x	9.205319961e-03
406	427	y	3.113737108e-02
407	408	x	9.205319961e-03
407	428	y	3.113737108e-02
408	409	x	9.205319961e-03
408	429	y	3.113737108e-02
409	410	x	9.205319961e-03
409	430	y	3.113737108e-02
410	411	x	9.205319961e-03
410	431	y	3.113737108e-02
411	412	x	9.205319961e-03
411	432	y	3.113737108e-02
412	413	x	9.205319961e-03
412	433	y	3.113737108e-02
413	414	x	9.205319961e-03
413	434	y	3.113737108e-02
414	415	x	9.205319961e-03
414	435	y	3.113737108e-02
415	416	x	9.205319961e-03
415	436	y	3.113737108e-02
416	417	x	9.205319961e-03
416	437	y	3.113737108e-02
417	418	x	9.205319961e-03
417	438	y	3.113737108e-02
418	419	x	9.205319961e-03
418	439	y	3.113737108e-02
419	440	y	3.113737108e-02
420	421	x	9.205319961e-03
421	422	x	9.205319961e-03
422	423	x	9.205319961e-03
423	424	x	9.205319961e-03
424	425	x	9.205319961e-03
425	426	x	9.205319961e-03
426	427	x	9.205319961e-03
427	428	x	9.205319961e-03
428	429	x	9.205319961e-03
429	430	x	9.205319961e-03
430	431	x	9.205319961e-03
431	432	x	9.205319961e-03
432	433	x	9.205319961e-03
433	434	x	9.205319961e-03
434	435	x	9.205319961e-03
435	436	x	9.205319961e-03
436	437	x	9.205319961e-03
437	438	x	9.205319961e-03
438	439	x	9.205319961e-03
439	440	x	9.205319961e-03
