x_idx	y_idx	drop_pct	voltage_v
0	20	0.056658119	0.999433419
1	20	0.052526707	0.999474733
2	20	0.042945184	0.999570548
3	20	0.063140088	0.999368599
4	20	0.076801163	0.999231988
5	20	0.085696506	0.999143035
6	20	0.090793735	0.999092063
7	20	0.090066512	0.999099335
8	20	0.082436225	0.999175638
9	20	0.068880441	0.999311196
10	20	0.048353745	0.999516463
11	20	0.070704678	0.999292953
12	20	0.089080074	0.999109199
13	20	0.102181310	0.998978187
14	20	0.109122114	0.998908779
15	20	0.109073733	0.998909263
16	20	0.100980864	0.998990191
17	20	0.083760020	0.999162400
18	20	0.058573065	0.999414269
19	20	0.073918772	0.999260812
20	20	0.080595199	0.999194048
0	19	0.070632905	0.999293671
1	19	0.070962225	0.999290378
2	19	0.075944097	0.999240559
3	19	0.085241854	0.999147581
4	19	0.092922727	0.999070773
5	19	0.098543286	0.999014567
6	19	0.101824754	0.998981752
7	19	0.098589408	0.999014106
8	19	0.087654735	0.999123453
9	19	0.069129113	0.999308709
10	19	0.038306366	0.999616936
11	19	0.068577334	0.999314227
12	19	0.091347710	0.999086523
13	19	0.107446802	0.998925532
14	19	0.117191379	0.998828086
15	19	0.120711468	0.998792885
16	19	0.118198785	0.998818012
17	19	0.110705372	0.998892946
18	19	0.103851641	0.998961484
19	19	0.103243404	0.998967566
20	19	0.103178502	0.998968215
0	18	0.083495504	0.999165045
1	18	0.069244866	0.999307551
2	18	0.094345246	0.999056548
3	18	0.108399028	0.998916010
4	18	0.116014067	0.998839859
5	18	0.119302974	0.998806970
6	18	0.119380364	0.998806196
7	18	0.112502524	0.998874975
8	18	0.097894122	0.999021059
9	18	0.075755103	0.999242449
10	18	0.041225511	0.999587745
11	18	0.072887880	0.999271121
12	18	0.097248417	0.999027516
13	18	0.115273443	0.998847266
14	18	0.127383130	0.998726169
15	18	0.133820993	0.998661790
16	18	0.134827995	0.998651720
17	18	0.131068585	0.998689314
18	18	0.128005352	0.998719946
19	18	0.126315141	0.998736849
20	18	0.125542821	0.998744572
0	17	0.144561054	0.998554389
1	17	0.145615078	0.998543849
2	17	0.150112142	0.998498879
3	17	0.153336358	0.998466636
4	17	0.153740376	0.998462596
5	17	0.150925129	0.998490749
6	17	0.144944243	0.998550558
7	17	0.131911300	0.998680887
8	17	0.112950200	0.998870498
9	17	0.089073773	0.999109262
10	17	0.058046260	0.999419537
11	17	0.082966537	0.999170335
12	17	0.105646473	0.998943535
13	17	0.124177413	0.998758226
14	17	0.137827475	0.998621725
15	17	0.146367481	0.998536325
16	17	0.149774155	0.998502258
17	17	0.148237721	0.998517623
18	17	0.146997064	0.998530029
19	17	0.146282608	0.998537174
20	17	0.145294078	0.998547059
0	16	0.200139587	0.997998604
1	16	0.202478702	0.997975213
2	16	0.202513332	0.997974867
3	16	0.200143031	0.997998570
4	16	0.194684454	0.998053155
5	16	0.185584404	0.998144156
6	16	0.172327879	0.998276721
7	16	0.150717800	0.998492822
8	16	0.123978118	0.998760219
9	16	0.091360370	0.999086396
10	16	0.047430606	0.999525694
11	16	0.081690517	0.999183095
12	16	0.109146583	0.998908534
13	16	0.130658634	0.998693414
14	16	0.146625583	0.998533744
15	16	0.157344561	0.998426554
16	16	0.163157081	0.998368429
17	16	0.163559049	0.998364410
18	16	0.163362665	0.998366373
19	16	0.162762586	0.998372374
20	16	0.161701201	0.998382988
0	15	0.240878806	0.997591212
1	15	0.242416688	0.997575833
2	15	0.240201353	0.997597986
3	15	0.234546158	0.997654538
4	15	0.225098526	0.997749015
5	15	0.211455445	0.997885446
6	15	0.193173260	0.998068267
7	15	0.166220826	0.998337792
8	15	0.134234228	0.998657658
9	15	0.096690608	0.999033094
10	15	0.048775354	0.999512246
11	15	0.084496349	0.999155037
12	15	0.113820180	0.998861798
13	15	0.136964932	0.998630351
14	15	0.154242007	0.998457580
15	15	0.165985518	0.998340145
16	15	0.172598746	0.998274013
17	15	0.173712316	0.998262877
18	15	0.174069620	0.998259304
19	15	0.173764074	0.998262359
20	15	0.172787927	0.998272121
0	14	0.269489204	0.997305108
1	14	0.270328231	0.997296718
2	14	0.266675133	0.997333249
3	14	0.258927350	0.997410726
4	14	0.246855167	0.997531448
5	14	0.230172392	0.997698276
6	14	0.208550065	0.997914499
7	14	0.178096035	0.998219040
8	14	0.142632110	0.998573679
9	14	0.101883210	0.998981168
10	14	0.052032367	0.999479676
11	14	0.090008647	0.999099914
12	14	0.120463932	0.998795361
13	14	0.144186688	0.998558133
14	14	0.161643194	0.998383568
15	14	0.173045904	0.998269541
16	14	0.178277814	0.998217222
17	14	0.179555944	0.998204441
18	14	0.180150755	0.998198492
19	14	0.179738154	0.998202618
20	14	0.178813448	0.998211866
0	13	0.288336001	0.997116640
1	13	0.288713054	0.997112869
2	13	0.284149916	0.997158501
3	13	0.275086673	0.997249133
4	13	0.261357897	0.997386421
5	13	0.242750324	0.997572497
6	13	0.219004152	0.997809958
7	13	0.186262436	0.998137376
8	13	0.148251189	0.998517488
9	13	0.104188192	0.998958118
10	13	0.052657858	0.999473421
11	13	0.088757061	0.999112429
12	13	0.117677105	0.998823229
13	13	0.140402418	0.998595976
14	13	0.157317700	0.998426823
15	13	0.168588176	0.998314118
16	13	0.174210885	0.998257891
17	13	0.177723814	0.998222762
18	13	0.179652207	0.998203478
19	13	0.180236733	0.998197633
20	13	0.179952217	0.998200478
0	12	0.298980473	0.997010195
1	12	0.299087135	0.997009129
2	12	0.293996535	0.997060035
3	12	0.284178255	0.997158217
4	12	0.269513341	0.997304867
5	12	0.249862246	0.997501378
6	12	0.225090976	0.997749090
7	12	0.191596773	0.998084032
8	12	0.153685713	0.998463143
9	12	0.112004034	0.998879960
10	12	0.068861823	0.999311382
11	12	0.094162029	0.999058380
12	12	0.118217239	0.998817828
13	12	0.138645502	0.998613545
14	12	0.154460555	0.998455394
15	12	0.165280368	0.998347196
16	12	0.170920562	0.998290794
17	12	0.174891389	0.998251086
18	12	0.177340759	0.998226592
19	12	0.178378617	0.998216214
20	12	0.178370468	0.998216295
0	11	0.302337455	0.996976625
1	11	0.302319721	0.996976803
2	11	0.296986056	0.997030139
3	11	0.286813438	0.997131866
4	11	0.271685481	0.997283145
5	11	0.251445016	0.997485550
6	11	0.225888207	0.997741118
7	11	0.191215114	0.998087849
8	11	0.151219136	0.998487809
9	11	0.105232306	0.998947677
10	11	0.052174345	0.999478257
11	11	0.086150714	0.999138493
12	11	0.113398356	0.998866016
13	11	0.134867883	0.998651321
14	11	0.150874116	0.998491259
15	11	0.161540424	0.998384596
16	11	0.166914581	0.998330854
17	11	0.170845624	0.998291544
18	11	0.173443784	0.998265562
19	11	0.174763506	0.998252365
20	11	0.175003020	0.998249970
0	10	0.298826622	0.997011734
1	10	0.298812501	0.997011875
2	10	0.293494542	0.997065055
3	10	0.283360408	0.997166396
4	10	0.268301948	0.997316981
5	10	0.248161746	0.997518383
6	10	0.222725813	0.997772742
7	10	0.188181786	0.998118182
8	10	0.148358195	0.998516418
9	10	0.102851437	0.998971486
10	10	0.050204371	0.999497956
11	10	0.083273840	0.999167262
12	10	0.110497256	0.998895027
13	10	0.131944886	0.998680551
14	10	0.147724186	0.998522758
15	10	0.157893854	0.998421061
16	10	0.162402964	0.998375970
17	10	0.165921737	0.998340783
18	10	0.168482969	0.998315170
19	10	0.170170212	0.998298298
20	10	0.170687045	0.998293130
0	9	0.288435261	0.997115647
1	9	0.288525515	0.997114745
2	9	0.283444418	0.997165556
3	9	0.273714400	0.997262856
4	9	0.259257817	0.997407422
5	9	0.239944076	0.997600559
6	9	0.215577287	0.997844227
7	9	0.182350048	0.998176500
8	9	0.144062844	0.998559372
9	9	0.100283955	0.998997160
10	9	0.049297426	0.999507026
11	9	0.082545795	0.999174542
12	9	0.109508012	0.998904920
13	9	0.130569610	0.998694304
14	9	0.145923575	0.998540764
15	9	0.155550447	0.998444496
16	9	0.159259615	0.998407404
17	9	0.162255097	0.998377449
18	9	0.164494400	0.998355056
19	9	0.165982922	0.998340171
20	9	0.166360748	0.998336393
0	8	0.270812050	0.997291880
1	8	0.271007864	0.997289921
2	8	0.266270040	0.997337300
3	8	0.257203369	0.997427966
4	8	0.243794633	0.997562054
5	8	0.225968639	0.997740314
6	8	0.203605238	0.997963948
7	8	0.172977229	0.998270228
8	8	0.137686731	0.998623133
9	8	0.096936014	0.999030640
10	8	0.048185867	0.999518141
11	8	0.079757371	0.999202426
12	8	0.105156766	0.998948432
13	8	0.125175997	0.998748240
14	8	0.140173848	0.998598262
15	8	0.150299342	0.998497007
16	8	0.155465916	0.998445341
17	8	0.158080168	0.998419198
18	8	0.159979860	0.998400201
19	8	0.161105449	0.998388946
20	8	0.161554112	0.998384459
0	7	0.245598497	0.997544015
1	7	0.245457766	0.997545422
2	7	0.240885734	0.997591143
3	7	0.232530762	0.997674692
4	7	0.220422609	0.997795774
5	7	0.204493967	0.997955060
6	7	0.184794501	0.998152055
7	7	0.158719807	0.998412802
8	7	0.129125241	0.998708748
9	7	0.096266477	0.999037335
10	7	0.060143842	0.999398562
11	7	0.082695450	0.999173046
12	7	0.103854155	0.998961458
13	7	0.121615139	0.998783849
14	7	0.135755603	0.998642444
15	7	0.145656828	0.998543432
16	7	0.150741872	0.998492581
17	7	0.153263380	0.998467366
18	7	0.155025658	0.998449743
19	7	0.156056954	0.998439430
20	7	0.156505356	0.998434946
0	6	0.213393118	0.997866069
1	6	0.212086764	0.997879132
2	6	0.208775229	0.997912248
3	6	0.201715927	0.997982841
4	6	0.191137743	0.998088623
5	6	0.176937471	0.998230625
6	6	0.158953981	0.998410460
7	6	0.136870623	0.998631294
8	6	0.110826192	0.998891738
9	6	0.079492723	0.999205073
10	6	0.041604544	0.999583955
11	6	0.071717196	0.999282828
12	6	0.095562424	0.999044376
13	6	0.113955398	0.998860446
14	6	0.128723295	0.998712767
15	6	0.139425704	0.998605743
16	6	0.146039884	0.998539601
17	6	0.149312108	0.998506879
18	6	0.150839479	0.998491605
19	6	0.151151956	0.998488480
20	6	0.151212570	0.998487874
0	5	0.183102975	0.998168970
1	5	0.182193969	0.998178060
2	5	0.179154452	0.998208455
3	5	0.173386147	0.998266139
4	5	0.164686712	0.998353133
5	5	0.152760041	0.998472400
6	5	0.137510329	0.998624897
7	5	0.118819235	0.998811808
8	5	0.096631658	0.999033683
9	5	0.069642286	0.999303577
10	5	0.036891910	0.999631081
11	5	0.066689125	0.999333109
12	5	0.090962285	0.999090377
13	5	0.109771136	0.998902289
14	5	0.124005907	0.998759941
15	5	0.134260891	0.998657391
16	5	0.140220843	0.998597792
17	5	0.143765430	0.998562346
18	5	0.145268731	0.998547313
19	5	0.145385057	0.998546149
20	5	0.144816310	0.998551837
0	4	0.155887742	0.998441123
1	4	0.155093533	0.998449065
2	4	0.152038939	0.998479611
3	4	0.147980444	0.998520196
4	4	0.141230460	0.998587695
5	4	0.131904031	0.998680960
6	4	0.119786085	0.998802139
7	4	0.104676049	0.998953240
8	4	0.086471096	0.999135289
9	4	0.064030847	0.999359692
10	4	0.035106193	0.999648938
11	4	0.065098866	0.999349011
12	4	0.089063264	0.999109367
13	4	0.107429380	0.998925706
14	4	0.120707056	0.998792929
15	4	0.130117322	0.998698827
16	4	0.135700490	0.998642995
17	4	0.138253192	0.998617468
18	4	0.138433256	0.998615667
19	4	0.137520357	0.998624796
20	4	0.136495373	0.998635046
0	3	0.131359222	0.998686408
1	3	0.130401965	0.998695980
2	3	0.128320174	0.998716798
3	3	0.125463440	0.998745366
4	3	0.121544232	0.998784558
5	3	0.115544442	0.998844556
6	3	0.107238621	0.998927614
7	3	0.096058018	0.999039420
8	3	0.082058920	0.999179411
9	3	0.062355961	0.999376440
10	3	0.035494919	0.999645051
11	3	0.065699955	0.999343000
12	3	0.088726542	0.999112735
13	3	0.106492124	0.998935079
14	3	0.118631504	0.998813685
15	3	0.126270523	0.998737295
16	3	0.129486724	0.998705133
17	3	0.128820635	0.998711794
18	3	0.127325512	0.998726745
19	3	0.125619170	0.998743808
20	3	0.124708766	0.998752912
0	2	0.110069196	0.998899308
1	2	0.109512119	0.998904879
2	2	0.107223805	0.998927762
3	2	0.105062465	0.998949375
4	2	0.101927064	0.998980729
5	2	0.098667315	0.999013327
6	2	0.093771786	0.999062282
7	2	0.086331341	0.999136687
8	2	0.076623854	0.999233761
9	2	0.061862456	0.999381375
10	2	0.043830479	0.999561695
11	2	0.066658819	0.999333412
12	2	0.086332534	0.999136675
13	2	0.101617249	0.998983828
14	2	0.112050472	0.998879495
15	2	0.117656055	0.998823439
16	2	0.118582887	0.998814171
17	2	0.115565885	0.998844341
18	2	0.112452595	0.998875474
19	2	0.111026685	0.998889733
20	2	0.109842117	0.998901579
0	1	0.090665200	0.999093348
1	1	0.089244807	0.999107552
2	1	0.085699490	0.999143005
3	1	0.082720005	0.999172800
4	1	0.082731212	0.999172688
5	1	0.083571827	0.999164282
6	1	0.081811801	0.999181882
7	1	0.077169678	0.999228303
8	1	0.069461952	0.999305380
9	1	0.054961741	0.999450383
10	1	0.032961767	0.999670382
11	1	0.060820305	0.999391797
12	1	0.081315578	0.999186844
13	1	0.095684576	0.999043154
14	1	0.104331244	0.998956688
15	1	0.107399125	0.998926009
16	1	0.105048730	0.998949513
17	1	0.098221032	0.999017790
18	1	0.091872066	0.999081279
19	1	0.091203106	0.999087969
20	1	0.090969220	0.999090308
0	0	0.076066242	0.999239338
1	0	0.071750235	0.999282498
2	0	0.062262166	0.999377378
3	0	0.045845274	0.999541547
4	0	0.060728815	0.999392712
5	0	0.069107644	0.999308924
6	0	0.072498021	0.999275020
7	0	0.071276583	0.999287234
8	0	0.066454308	0.999335457
9	0	0.055961285	0.999440387
10	0	0.041243515	0.999587565
11	0	0.062420559	0.999375794
12	0	0.079550897	0.999204491
13	0	0.091640190	0.999083598
14	0	0.098013844	0.999019862
15	0	0.098000084	0.999019999
16	0	0.090687546	0.999093125
17	0	0.074839156	0.999251608
18	0	0.052078132	0.999479219
19	0	0.065492307	0.999345077
20	0	0.071305547	0.999286945
