cluster_id	name	llx_um	lly_um	urx_um	ury_um	observed_a	worst_a	mesh_sum_a	instance_count
70	gen_tiles\[0\].i_tile/i_tile/gen_banks\[0\].i_tcdm_adapter	512.860500	157.385500	607.910000	212.930000	2.237795709e-03	2.237795709e-03	7.768382525e-03	1399
64	gen_tiles\[0\].i_tile/i_tile/gen_banks\[12\].i_tcdm_adapter	709.175000	168.800000	981.110000	234.294000	2.238003791e-03	2.238003791e-03	2.327729238e-02	1399
68	gen_tiles\[0\].i_tile/i_tile/gen_banks\[10\].i_tcdm_adapter	195.800000	157.385500	512.860500	212.930000	2.238176400e-03	2.238176400e-03	2.140417498e-02	1399
66	gen_tiles\[0\].i_tile/i_tile/gen_banks\[11\].i_tcdm_adapter	654.603500	212.930000	709.175000	309.674000	2.206710036e-03	2.206710036e-03	7.630891486e-03	1399
71	gen_tiles\[0\].i_tile/i_tile/axi_mst_slice	843.220500	599.797000	1031.358000	770.295000	3.237744455e-03	3.237744455e-03	2.509689702e-02	2270
62	gen_tiles\[0\].i_tile/i_tile/gen_banks\[13\].i_tcdm_adapter	882.449000	770.295000	1031.358000	896.781000	2.205557855e-03	2.205557855e-03	2.094185741e-02	1399
69	gen_tiles\[0\].i_tile/i_tile/gen_banks\[0\].mem_bank	295.980000	0.000500	295.980500	0.001000	1.981818182e-06	1.981818182e-06	0.000000000e+00	1
63	gen_tiles\[0\].i_tile/i_tile/gen_banks\[12\].mem_bank	882.449000	84.400000	882.449500	84.400500	1.918181818e-06	1.918181818e-06	9.014012303e-13	1
67	gen_tiles\[0\].i_tile/i_tile/gen_banks\[10\].mem_bank	195.800000	84.400500	195.800500	84.401000	1.918181818e-06	1.918181818e-06	9.014012303e-13	1
65	gen_tiles\[0\].i_tile/i_tile/gen_banks\[11\].mem_bank	981.109500	253.200000	981.110000	253.200500	1.900000000e-06	1.900000000e-06	8.928571428e-13	1
19	gen_tiles\[0\].i_tile/i_tile/i_remote_req_interco||(gen_tiles\[0\].i_tile/i_tile)_glue_logic	500.891000	571.630000	554.150000	687.065500	2.726583364e-04	2.726583364e-04	1.094814765e-03	1915
72	(root)_glue_logic	1079.769500	599.797000	1079.770000	599.797500	9.327272727e-06	9.327272727e-06	4.284249586e-14	112
38	gen_tiles\[0\].i_tile/i_tile/gen_caches\[0\].i_snitch_icache||gen_tiles\[0\].i_tile/i_tile/i_snitch_cache_axi_adapter||gen_tiles\[0\].i_tile/i_tile/i_axi_mux||gen_tiles\[0\].i_tile/i_tile/i_snitch_core_axi_adapter||gen_tiles\[0\].i_tile/i_tile/i_snitch_demux_data	49.264000	378.985000	345.881000	907.800000	2.814711008e-02	2.814711008e-02	4.264285334e-01	39568
56	gen_tiles\[0\].i_tile/i_tile/gen_banks\[1\].i_tcdm_adapter	500.891000	373.374000	554.150000	472.502000	2.155834355e-03	2.155834355e-03	7.820520450e-03	1399
54	gen_tiles\[0\].i_tile/i_tile/gen_banks\[2\].i_tcdm_adapter	500.891000	472.502000	554.150000	571.630000	2.281766136e-03	2.281766136e-03	7.629498960e-03	1399
52	gen_tiles\[0\].i_tile/i_tile/gen_banks\[3\].i_tcdm_adapter	716.735500	276.034000	843.220500	317.774000	2.273114764e-03	2.273114764e-03	8.372159893e-03	1399
60	gen_tiles\[0\].i_tile/i_tile/gen_banks\[14\].i_tcdm_adapter	843.220500	234.294000	981.110000	333.210000	2.206699582e-03	2.206699582e-03	1.694916476e-02	1399
58	gen_tiles\[0\].i_tile/i_tile/gen_banks\[15\].i_tcdm_adapter	709.175000	234.294000	843.220500	276.034000	2.167300955e-03	2.167300955e-03	8.866517009e-03	1399
50	gen_tiles\[0\].i_tile/i_tile/gen_banks\[4\].i_tcdm_adapter	295.980000	0.000000	417.811000	157.385500	2.280728955e-03	2.280728955e-03	2.063422170e-02	1399
55	gen_tiles\[0\].i_tile/i_tile/gen_banks\[1\].mem_bank	49.264000	907.799000	49.264500	907.799500	1.972727273e-06	1.972727273e-06	9.270334928e-13	1
53	gen_tiles\[0\].i_tile/i_tile/gen_banks\[2\].mem_bank	197.320000	1054.735000	197.320500	1054.735500	1.954545455e-06	1.954545455e-06	9.184894055e-13	1
51	gen_tiles\[0\].i_tile/i_tile/gen_banks\[3\].mem_bank	1031.358000	337.600000	1031.358500	337.600500	1.918181818e-06	1.918181818e-06	9.014012305e-13	1
59	gen_tiles\[0\].i_tile/i_tile/gen_banks\[14\].mem_bank	981.109500	84.400000	981.110000	84.400500	1.900000000e-06	1.900000000e-06	8.928571428e-13	1
61	gen_tiles\[0\].i_tile/i_tile/gen_banks\[13\].mem_bank	981.109000	970.335000	981.109500	970.335500	1.900000000e-06	1.900000000e-06	8.928571428e-13	1
57	gen_tiles\[0\].i_tile/i_tile/gen_banks\[15\].mem_bank	981.109500	168.800000	981.110000	168.800500	1.836363636e-06	1.836363636e-06	8.629528366e-13	1
42	gen_tiles\[0\].i_tile/i_tile/gen_banks\[8\].i_tcdm_adapter	742.758000	317.774000	843.220500	373.531500	2.285975227e-03	2.285975227e-03	6.910801055e-03	1399
48	gen_tiles\[0\].i_tile/i_tile/gen_banks\[5\].i_tcdm_adapter	98.660000	313.947500	461.093000	359.771500	2.273754009e-03	2.273754009e-03	1.590774826e-02	1399
46	gen_tiles\[0\].i_tile/i_tile/gen_banks\[6\].i_tcdm_adapter	843.220500	333.210000	884.960500	459.696000	2.238176491e-03	2.238176491e-03	7.558549556e-03	1399
44	gen_tiles\[0\].i_tile/i_tile/gen_banks\[7\].i_tcdm_adapter	98.660000	268.123500	461.093000	313.947500	2.206925918e-03	2.206925918e-03	2.045741275e-02	1399
40	gen_tiles\[0\].i_tile/i_tile/gen_banks\[9\].i_tcdm_adapter	607.910000	157.385500	709.175000	212.930000	2.168559736e-03	2.168559736e-03	8.022718876e-03	1272
49	gen_tiles\[0\].i_tile/i_tile/gen_banks\[4\].mem_bank	98.660000	0.000000	98.660500	0.000500	1.954545455e-06	1.954545455e-06	0.000000000e+00	1
41	gen_tiles\[0\].i_tile/i_tile/gen_banks\[8\].mem_bank	981.109500	981.181500	981.110000	981.182000	1.954545455e-06	1.954545455e-06	9.184894053e-13	1
45	gen_tiles\[0\].i_tile/i_tile/gen_banks\[6\].mem_bank	981.109500	981.181000	981.110000	981.181500	1.918181818e-06	1.918181818e-06	9.014012303e-13	1
47	gen_tiles\[0\].i_tile/i_tile/gen_banks\[5\].mem_bank	49.264000	907.799500	49.264500	907.800000	1.918181818e-06	1.918181818e-06	9.014012303e-13	1
43	gen_tiles\[0\].i_tile/i_tile/gen_banks\[7\].mem_bank	57.183500	333.200500	57.184000	333.201000	1.900000000e-06	1.900000000e-06	8.928571428e-13	1
39	gen_tiles\[0\].i_tile/i_tile/gen_banks\[9\].mem_bank	882.449500	168.800000	882.450000	168.800500	1.918181818e-06	1.918181818e-06	9.014012303e-13	1
37	gen_tiles\[0\].i_tile/i_tile/gen_cores\[0\].gen_mempool_cc.riscv_core||gen_tiles\[0\].i_tile/i_tile/gen_core_mux\[0\].gen_tcdm_shim.i_tcdm_shim||gen_tiles\[0\].i_tile/i_tile/gen_core_mux\[0\].i_address_scrambler	345.881000	386.230000	500.891000	1076.600000	1.021604213e-02	1.021604213e-02	3.291850924e-01	17662
34	gen_tiles\[0\].i_tile/i_tile/gen_cores\[3\].gen_mempool_cc.riscv_core||gen_tiles\[0\].i_tile/i_tile/gen_core_mux\[3\].gen_tcdm_shim.i_tcdm_shim||gen_tiles\[0\].i_tile/i_tile/gen_core_mux\[3\].i_address_scrambler	500.891000	770.295000	882.449000	1076.600000	9.402007009e-03	9.402007009e-03	3.159644449e-01	17663
35	gen_tiles\[0\].i_tile/i_tile/gen_cores\[2\].gen_mempool_cc.riscv_core||gen_tiles\[0\].i_tile/i_tile/gen_core_mux\[2\].gen_tcdm_shim.i_tcdm_shim||gen_tiles\[0\].i_tile/i_tile/gen_core_mux\[2\].i_address_scrambler	554.150000	517.214500	843.220500	770.295000	9.056643936e-03	9.056643936e-03	1.785571405e-01	17744
36	gen_tiles\[0\].i_tile/i_tile/gen_cores\[1\].gen_mempool_cc.riscv_core||gen_tiles\[0\].i_tile/i_tile/gen_core_mux\[1\].gen_tcdm_shim.i_tcdm_shim||gen_tiles\[0\].i_tile/i_tile/gen_core_mux\[1\].i_address_scrambler	417.811000	0.000000	882.449000	157.385500	8.843482127e-03	8.843482127e-03	1.809497163e-01	17787
28	gen_tiles\[0\].i_tile/i_tile/gen_tcdm_registers\[1\].i_tcdm_master_resp_register||gen_tiles\[0\].i_tile/i_tile/gen_tcdm_registers\[2\].i_tcdm_master_resp_register||gen_tiles\[0\].i_tile/i_tile/gen_tcdm_registers\[3\].i_tcdm_master_resp_register	0.000000	333.200500	98.660000	378.985000	1.061762727e-03	1.061762727e-03	3.821337129e-03	453
27	gen_tiles\[0\].i_tile/i_tile/gen_tcdm_registers\[1\].i_tcdm_slave_req_register||gen_tiles\[0\].i_tile/i_tile/gen_tcdm_registers\[2\].i_tcdm_slave_req_register||gen_tiles\[0\].i_tile/i_tile/gen_tcdm_registers\[3\].i_tcdm_slave_req_register	654.603500	330.177500	742.758000	373.531500	1.923511545e-03	1.923511545e-03	5.640493604e-03	618
30	gen_tiles\[0\].i_tile/i_tile/gen_tcdm_registers\[0\].i_tcdm_slave_resp_register	195.800000	212.930000	461.093000	268.123500	3.390582455e-04	3.390582455e-04	3.548250867e-03	213
26	gen_tiles\[0\].i_tile/i_tile/gen_tcdm_registers\[1\].i_tcdm_slave_resp_register	843.220500	505.480500	1031.358000	571.757000	4.954138182e-04	4.954138182e-04	4.040988402e-03	233
24	gen_tiles\[0\].i_tile/i_tile/gen_tcdm_registers\[2\].i_tcdm_slave_resp_register	843.220500	459.696000	1031.358000	505.480500	4.889106364e-04	4.889106364e-04	3.614815224e-03	233
32	gen_tiles\[0\].i_tile/i_tile/gen_tcdm_registers\[0\].i_tcdm_master_resp_register	49.264000	378.985000	49.264500	378.985500	1.889981273e-04	1.889981273e-04	2.221462748e-13	151
29	gen_tiles\[0\].i_tile/i_tile/gen_tcdm_registers\[1\].i_tcdm_master_req_register	843.220500	571.757000	1031.358000	599.797000	2.720930909e-04	2.720930909e-04	1.549583802e-03	324
25	gen_tiles\[0\].i_tile/i_tile/gen_tcdm_registers\[2\].i_tcdm_master_req_register	500.891000	687.065500	554.150000	770.295000	2.720930909e-04	2.720930909e-04	1.082921329e-03	324
33	gen_tiles\[0\].i_tile/i_tile/gen_tcdm_registers\[0\].i_tcdm_master_req_register	345.881000	359.771500	461.093000	386.230000	2.535403455e-04	2.535403455e-04	7.850023210e-04	304
31	gen_tiles\[0\].i_tile/i_tile/gen_tcdm_registers\[0\].i_tcdm_slave_req_register	654.603500	309.674000	716.735500	330.177500	1.334700545e-04	1.334700545e-04	2.669401091e-04	206
23	gen_tiles\[0\].i_tile/i_tile/gen_tcdm_registers\[3\].i_tcdm_master_req_register	882.449000	896.781000	981.109500	970.335000	2.720930909e-04	2.720930909e-04	1.560657218e-03	324
21	gen_tiles\[0\].i_tile/i_tile/i_local_req_interco	554.150000	373.531500	843.220500	517.214500	1.118583206e-02	1.118583206e-02	7.470930984e-02	10640
22	gen_tiles\[0\].i_tile/i_tile/gen_tcdm_registers\[3\].i_tcdm_slave_resp_register	884.960500	333.210000	981.110000	459.696000	5.470420000e-04	5.470420000e-04	4.805623220e-03	233
20	gen_tiles\[0\].i_tile/i_tile/i_local_resp_interco	461.093000	212.930000	654.603500	373.374000	9.004366573e-03	9.004366573e-03	6.151367361e-02	10492
18	gen_tiles\[0\].i_tile/i_tile/i_remote_resp_interco	0.000000	378.985000	49.264000	907.800000	2.250911073e-03	2.250911073e-03	3.760480521e-02	960
74	i_axi_interco||i_east_interco||i_north_interco||i_northeast_interco	1031.358000	337.600000	1079.770000	896.781000	5.871931636e-04	5.871931636e-04	1.248207460e-02	1375
73	i_local_interco	426.059000	359.771500	426.059500	359.772000	3.223490909e-05	3.223490909e-05	3.246753247e-13	97
