u	v	ix1	iy1	ix2	iy2	x1_um	y1_um	x2_um	y2_um	g_S
0	1	0	0	1	0	10	12	64	12	1.855129336
1	2	1	0	2	0	64	12	118	12	1.855129336
2	3	2	0	3	0	118	12	172	12	1.855129336
3	4	3	0	4	0	172	12	226	12	1.855129336
4	5	4	0	5	0	226	12	280	12	1.855129336
5	6	5	0	6	0	280	12	334	12	1.855129336
6	7	6	0	7	0	334	12	388	12	1.855129336
7	8	7	0	8	0	388	12	442	12	1.855129336
8	9	8	0	9	0	442	12	496	12	1.855129336
9	10	9	0	10	0	496	12	550	12	1.855129336
10	11	10	0	11	0	550	12	604	12	1.855129336
11	12	11	0	12	0	604	12	658	12	1.855129336
12	13	12	0	13	0	658	12	712	12	1.855129336
13	14	13	0	14	0	712	12	766	12	1.855129336
14	15	14	0	15	0	766	12	820	12	1.855129336
15	16	15	0	16	0	820	12	874	12	1.855129336
16	17	16	0	17	0	874	12	928	12	1.855129336
17	18	17	0	18	0	928	12	982	12	1.855129336
18	19	18	0	19	0	982	12	1036	12	1.855129336
19	20	19	0	20	0	1036	12	1090	12	1.855129336
21	22	0	1	1	1	10	65.9	64	65.9	1.855129336
22	23	1	1	2	1	64	65.9	118	65.9	1.855129336
23	24	2	1	3	1	118	65.9	172	65.9	1.855129336
24	25	3	1	4	1	172	65.9	226	65.9	1.855129336
25	26	4	1	5	1	226	65.9	280	65.9	1.855129336
26	27	5	1	6	1	280	65.9	334	65.9	1.855129336
27	28	6	1	7	1	334	65.9	388	65.9	1.855129336
28	29	7	1	8	1	388	65.9	442	65.9	1.855129336
29	30	8	1	9	1	442	65.9	496	65.9	1.855129336
30	31	9	1	10	1	496	65.9	550	65.9	1.855129336
31	32	10	1	11	1	550	65.9	604	65.9	1.855129336
32	33	11	1	12	1	604	65.9	658	65.9	1.855129336
33	34	12	1	13	1	658	65.9	712	65.9	1.855129336
34	35	13	1	14	1	712	65.9	766	65.9	1.855129336
35	36	14	1	15	1	766	65.9	820	65.9	1.855129336
36	37	15	1	16	1	820	65.9	874	65.9	1.855129336
37	38	16	1	17	1	874	65.9	928	65.9	1.855129336
38	39	17	1	18	1	928	65.9	982	65.9	1.855129336
39	40	18	1	19	1	982	65.9	1036	65.9	1.855129336
40	41	19	1	20	1	1036	65.9	1090	65.9	1.855129336
42	43	0	2	1	2	10	119.8	64	119.8	1.855129336
43	44	1	2	2	2	64	119.8	118	119.8	1.855129336
44	45	2	2	3	2	118	119.8	172	119.8	1.855129336
45	46	3	2	4	2	172	119.8	226	119.8	1.855129336
46	47	4	2	5	2	226	119.8	280	119.8	1.855129336
47	48	5	2	6	2	280	119.8	334	119.8	1.855129336
48	49	6	2	7	2	334	119.8	388	119.8	1.855129336
49	50	7	2	8	2	388	119.8	442	119.8	1.855129336
50	51	8	2	9	2	442	119.8	496	119.8	1.855129336
51	52	9	2	10	2	496	119.8	550	119.8	1.855129336
52	53	10	2	11	2	550	119.8	604	119.8	1.855129336
53	54	11	2	12	2	604	119.8	658	119.8	1.855129336
54	55	12	2	13	2	658	119.8	712	119.8	1.855129336
55	56	13	2	14	2	712	119.8	766	119.8	1.855129336
56	57	14	2	15	2	766	119.8	820	119.8	1.855129336
57	58	15	2	16	2	820	119.8	874	119.8	1.855129336
58	59	16	2	17	2	874	119.8	928	119.8	1.855129336
59	60	17	2	18	2	928	119.8	982	119.8	1.855129336
60	61	18	2	19	2	982	119.8	1036	119.8	1.855129336
61	62	19	2	20	2	1036	119.8	1090	119.8	1.855129336
63	64	0	3	1	3	10	173.7	64	173.7	1.855129336
64	65	1	3	2	3	64	173.7	118	173.7	1.855129336
65	66	2	3	3	3	118	173.7	172	173.7	1.855129336
66	67	3	3	4	3	172	173.7	226	173.7	1.855129336
67	68	4	3	5	3	226	173.7	280	173.7	1.855129336
68	69	5	3	6	3	280	173.7	334	173.7	1.855129336
69	70	6	3	7	3	334	173.7	388	173.7	1.855129336
70	71	7	3	8	3	388	173.7	442	173.7	1.855129336
71	72	8	3	9	3	442	173.7	496	173.7	1.855129336
72	73	9	3	10	3	496	173.7	550	173.7	1.855129336
73	74	10	3	11	3	550	173.7	604	173.7	1.855129336
74	75	11	3	12	3	604	173.7	658	173.7	1.855129336
75	76	12	3	13	3	658	173.7	712	173.7	1.855129336
76	77	13	3	14	3	712	173.7	766	173.7	1.855129336
77	78	14	3	15	3	766	173.7	820	173.7	1.855129336
78	79	15	3	16	3	820	173.7	874	173.7	1.855129336
79	80	16	3	17	3	874	173.7	928	173.7	1.855129336
80	81	17	3	18	3	928	173.7	982	173.7	1.855129336
81	82	18	3	19	3	982	173.7	1036	173.7	1.855129336
82	83	19	3	20	3	1036	173.7	1090	173.7	1.855129336
84	85	0	4	1	4	10	227.6	64	227.6	1.855129336
85	86	1	4	2	4	64	227.6	118	227.6	1.855129336
86	87	2	4	3	4	118	227.6	172	227.6	1.855129336
87	88	3	4	4	4	172	227.6	226	227.6	1.855129336
88	89	4	4	5	4	226	227.6	280	227.6	1.855129336
89	90	5	4	6	4	280	227.6	334	227.6	1.855129336
90	91	6	4	7	4	334	227.6	388	227.6	1.855129336
91	92	7	4	8	4	388	227.6	442	227.6	1.855129336
92	93	8	4	9	4	442	227.6	496	227.6	1.855129336
93	94	9	4	10	4	496	227.6	550	227.6	1.855129336
94	95	10	4	11	4	550	227.6	604	227.6	1.855129336
95	96	11	4	12	4	604	227.6	658	227.6	1.855129336
96	97	12	4	13	4	658	227.6	712	227.6	1.855129336
97	98	13	4	14	4	712	227.6	766	227.6	1.855129336
98	99	14	4	15	4	766	227.6	820	227.6	1.855129336
99	100	15	4	16	4	820	227.6	874	227.6	1.855129336
100	101	16	4	17	4	874	227.6	928	227.6	1.855129336
101	102	17	4	18	4	928	227.6	982	227.6	1.855129336
102	103	18	4	19	4	982	227.6	1036	227.6	1.855129336
103	104	19	4	20	4	1036	227.6	1090	227.6	1.855129336
105	106	0	5	1	5	10	281.5	64	281.5	1.855129336
106	107	1	5	2	5	64	281.5	118	281.5	1.855129336
107	108	2	5	3	5	118	281.5	172	281.5	1.855129336
108	109	3	5	4	5	172	281.5	226	281.5	1.855129336
109	110	4	5	5	5	226	281.5	280	281.5	1.855129336
110	111	5	5	6	5	280	281.5	334	281.5	1.855129336
111	112	6	5	7	5	334	281.5	388	281.5	1.855129336
112	113	7	5	8	5	388	281.5	442	281.5	1.855129336
113	114	8	5	9	5	442	281.5	496	281.5	1.855129336
114	115	9	5	10	5	496	281.5	550	281.5	1.855129336
115	116	10	5	11	5	550	281.5	604	281.5	1.855129336
116	117	11	5	12	5	604	281.5	658	281.5	1.855129336
117	118	12	5	13	5	658	281.5	712	281.5	1.855129336
118	119	13	5	14	5	712	281.5	766	281.5	1.855129336
119	120	14	5	15	5	766	281.5	820	281.5	1.855129336
120	121	15	5	16	5	820	281.5	874	281.5	1.855129336
121	122	16	5	17	5	874	281.5	928	281.5	1.855129336
122	123	17	5	18	5	928	281.5	982	281.5	1.855129336
123	124	18	5	19	5	982	281.5	1036	281.5	1.855129336
124	125	19	5	20	5	1036	281.5	1090	281.5	1.855129336
126	127	0	6	1	6	10	335.4	64	335.4	1.855129336
127	128	1	6	2	6	64	335.4	118	335.4	1.855129336
128	129	2	6	3	6	118	335.4	172	335.4	1.855129336
129	130	3	6	4	6	172	335.4	226	335.4	1.855129336
130	131	4	6	5	6	226	335.4	280	335.4	1.855129336
131	132	5	6	6	6	280	335.4	334	335.4	1.855129336
132	133	6	6	7	6	334	335.4	388	335.4	1.855129336
133	134	7	6	8	6	388	335.4	442	335.4	1.855129336
134	135	8	6	9	6	442	335.4	496	335.4	1.855129336
135	136	9	6	10	6	496	335.4	550	335.4	1.855129336
136	137	10	6	11	6	550	335.4	604	335.4	1.855129336
137	138	11	6	12	6	604	335.4	658	335.4	1.855129336
138	139	12	6	13	6	658	335.4	712	335.4	1.855129336
139	140	13	6	14	6	712	335.4	766	335.4	1.855129336
140	141	14	6	15	6	766	335.4	820	335.4	1.855129336
141	142	15	6	16	6	820	335.4	874	335.4	1.855129336
142	143	16	6	17	6	874	335.4	928	335.4	1.855129336
143	144	17	6	18	6	928	335.4	982	335.4	1.855129336
144	145	18	6	19	6	982	335.4	1036	335.4	1.855129336
145	146	19	6	20	6	1036	335.4	1090	335.4	1.855129336
147	148	0	7	1	7	10	389.3	64	389.3	1.855129336
148	149	1	7	2	7	64	389.3	118	389.3	1.855129336
149	150	2	7	3	7	118	389.3	172	389.3	1.855129336
150	151	3	7	4	7	172	389.3	226	389.3	1.855129336
151	152	4	7	5	7	226	389.3	280	389.3	1.855129336
152	153	5	7	6	7	280	389.3	334	389.3	1.855129336
153	154	6	7	7	7	334	389.3	388	389.3	1.855129336
154	155	7	7	8	7	388	389.3	442	389.3	1.855129336
155	156	8	7	9	7	442	389.3	496	389.3	1.855129336
156	157	9	7	10	7	496	389.3	550	389.3	1.855129336
157	158	10	7	11	7	550	389.3	604	389.3	1.855129336
158	159	11	7	12	7	604	389.3	658	389.3	1.855129336
159	160	12	7	13	7	658	389.3	712	389.3	1.855129336
160	161	13	7	14	7	712	389.3	766	389.3	1.855129336
161	162	14	7	15	7	766	389.3	820	389.3	1.855129336
162	163	15	7	16	7	820	389.3	874	389.3	1.855129336
163	164	16	7	17	7	874	389.3	928	389.3	1.855129336
164	165	17	7	18	7	928	389.3	982	389.3	1.855129336
165	166	18	7	19	7	982	389.3	1036	389.3	1.855129336
166	167	19	7	20	7	1036	389.3	1090	389.3	1.855129336
168	169	0	8	1	8	10	443.2	64	443.2	1.855129336
169	170	1	8	2	8	64	443.2	118	443.2	1.855129336
170	171	2	8	3	8	118	443.2	172	443.2	1.855129336
171	172	3	8	4	8	172	443.2	226	443.2	1.855129336
172	173	4	8	5	8	226	443.2	280	443.2	1.855129336
173	174	5	8	6	8	280	443.2	334	443.2	1.855129336
174	175	6	8	7	8	334	443.2	388	443.2	1.855129336
175	176	7	8	8	8	388	443.2	442	443.2	1.855129336
176	177	8	8	9	8	442	443.2	496	443.2	1.855129336
177	178	9	8	10	8	496	443.2	550	443.2	1.855129336
178	179	10	8	11	8	550	443.2	604	443.2	1.855129336
179	180	11	8	12	8	604	443.2	658	443.2	1.855129336
180	181	12	8	13	8	658	443.2	712	443.2	1.855129336
181	182	13	8	14	8	712	443.2	766	443.2	1.855129336
182	183	14	8	15	8	766	443.2	820	443.2	1.855129336
183	184	15	8	16	8	820	443.2	874	443.2	1.855129336
184	185	16	8	17	8	874	443.2	928	443.2	1.855129336
185	186	17	8	18	8	928	443.2	982	443.2	1.855129336
186	187	18	8	19	8	982	443.2	1036	443.2	1.855129336
187	188	19	8	20	8	1036	443.2	1090	443.2	1.855129336
189	190	0	9	1	9	10	497.1	64	497.1	1.855129336
190	191	1	9	2	9	64	497.1	118	497.1	1.855129336
191	192	2	9	3	9	118	497.1	172	497.1	1.855129336
192	193	3	9	4	9	172	497.1	226	497.1	1.855129336
193	194	4	9	5	9	226	497.1	280	497.1	1.855129336
194	195	5	9	6	9	280	497.1	334	497.1	1.855129336
195	196	6	9	7	9	334	497.1	388	497.1	1.855129336
196	197	7	9	8	9	388	497.1	442	497.1	1.855129336
197	198	8	9	9	9	442	497.1	496	497.1	1.855129336
198	199	9	9	10	9	496	497.1	550	497.1	1.855129336
199	200	10	9	11	9	550	497.1	604	497.1	1.855129336
200	201	11	9	12	9	604	497.1	658	497.1	1.855129336
201	202	12	9	13	9	658	497.1	712	497.1	1.855129336
202	203	13	9	14	9	712	497.1	766	497.1	1.855129336
203	204	14	9	15	9	766	497.1	820	497.1	1.855129336
204	205	15	9	16	9	820	497.1	874	497.1	1.855129336
205	206	16	9	17	9	874	497.1	928	497.1	1.855129336
206	207	17	9	18	9	928	497.1	982	497.1	1.855129336
207	208	18	9	19	9	982	497.1	1036	497.1	1.855129336
208	209	19	9	20	9	1036	497.1	1090	497.1	1.855129336
210	211	0	10	1	10	10	551	64	551	1.855129336
211	212	1	10	2	10	64	551	118	551	1.855129336
212	213	2	10	3	10	118	551	172	551	1.855129336
213	214	3	10	4	10	172	551	226	551	1.855129336
214	215	4	10	5	10	226	551	280	551	1.855129336
215	216	5	10	6	10	280	551	334	551	1.855129336
216	217	6	10	7	10	334	551	388	551	1.855129336
217	218	7	10	8	10	388	551	442	551	1.855129336
218	219	8	10	9	10	442	551	496	551	1.855129336
219	220	9	10	10	10	496	551	550	551	1.855129336
220	221	10	10	11	10	550	551	604	551	1.855129336
221	222	11	10	12	10	604	551	658	551	1.855129336
222	223	12	10	13	10	658	551	712	551	1.855129336
223	224	13	10	14	10	712	551	766	551	1.855129336
224	225	14	10	15	10	766	551	820	551	1.855129336
225	226	15	10	16	10	820	551	874	551	1.855129336
226	227	16	10	17	10	874	551	928	551	1.855129336
227	228	17	10	18	10	928	551	982	551	1.855129336
228	229	18	10	19	10	982	551	1036	551	1.855129336
229	230	19	10	20	10	1036	551	1090	551	1.855129336
231	232	0	11	1	11	10	604.9	64	604.9	1.855129336
232	233	1	11	2	11	64	604.9	118	604.9	1.855129336
233	234	2	11	3	11	118	604.9	172	604.9	1.855129336
234	235	3	11	4	11	172	604.9	226	604.9	1.855129336
235	236	4	11	5	11	226	604.9	280	604.9	1.855129336
236	237	5	11	6	11	280	604.9	334	604.9	1.855129336
237	238	6	11	7	11	334	604.9	388	604.9	1.855129336
238	239	7	11	8	11	388	604.9	442	604.9	1.855129336
239	240	8	11	9	11	442	604.9	496	604.9	1.855129336
240	241	9	11	10	11	496	604.9	550	604.9	1.855129336
241	242	10	11	11	11	550	604.9	604	604.9	1.855129336
242	243	11	11	12	11	604	604.9	658	604.9	1.855129336
243	244	12	11	13	11	658	604.9	712	604.9	1.855129336
244	245	13	11	14	11	712	604.9	766	604.9	1.855129336
245	246	14	11	15	11	766	604.9	820	604.9	1.855129336
246	247	15	11	16	11	820	604.9	874	604.9	1.855129336
247	248	16	11	17	11	874	604.9	928	604.9	1.855129336
248	249	17	11	18	11	928	604.9	982	604.9	1.855129336
249	250	18	11	19	11	982	604.9	1036	604.9	1.855129336
250	251	19	11	20	11	1036	604.9	1090	604.9	1.855129336
252	253	0	12	1	12	10	658.8	64	658.8	1.855129336
253	254	1	12	2	12	64	658.8	118	658.8	1.855129336
254	255	2	12	3	12	118	658.8	172	658.8	1.855129336
255	256	3	12	4	12	172	658.8	226	658.8	1.855129336
256	257	4	12	5	12	226	658.8	280	658.8	1.855129336
257	258	5	12	6	12	280	658.8	334	658.8	1.855129336
258	259	6	12	7	12	334	658.8	388	658.8	1.855129336
259	260	7	12	8	12	388	658.8	442	658.8	1.855129336
260	261	8	12	9	12	442	658.8	496	658.8	1.855129336
261	262	9	12	10	12	496	658.8	550	658.8	1.855129336
262	263	10	12	11	12	550	658.8	604	658.8	1.855129336
263	264	11	12	12	12	604	658.8	658	658.8	1.855129336
264	265	12	12	13	12	658	658.8	712	658.8	1.855129336
265	266	13	12	14	12	712	658.8	766	658.8	1.855129336
266	267	14	12	15	12	766	658.8	820	658.8	1.855129336
267	268	15	12	16	12	820	658.8	874	658.8	1.855129336
268	269	16	12	17	12	874	658.8	928	658.8	1.855129336
269	270	17	12	18	12	928	658.8	982	658.8	1.855129336
270	271	18	12	19	12	982	658.8	1036	658.8	1.855129336
271	272	19	12	20	12	1036	658.8	1090	658.8	1.855129336
273	274	0	13	1	13	10	712.7	64	712.7	1.855129336
274	275	1	13	2	13	64	712.7	118	712.7	1.855129336
275	276	2	13	3	13	118	712.7	172	712.7	1.855129336
276	277	3	13	4	13	172	712.7	226	712.7	1.855129336
277	278	4	13	5	13	226	712.7	280	712.7	1.855129336
278	279	5	13	6	13	280	712.7	334	712.7	1.855129336
279	280	6	13	7	13	334	712.7	388	712.7	1.855129336
280	281	7	13	8	13	388	712.7	442	712.7	1.855129336
281	282	8	13	9	13	442	712.7	496	712.7	1.855129336
282	283	9	13	10	13	496	712.7	550	712.7	1.855129336
283	284	10	13	11	13	550	712.7	604	712.7	1.855129336
284	285	11	13	12	13	604	712.7	658	712.7	1.855129336
285	286	12	13	13	13	658	712.7	712	712.7	1.855129336
286	287	13	13	14	13	712	712.7	766	712.7	1.855129336
287	288	14	13	15	13	766	712.7	820	712.7	1.855129336
288	289	15	13	16	13	820	712.7	874	712.7	1.855129336
289	290	16	13	17	13	874	712.7	928	712.7	1.855129336
290	291	17	13	18	13	928	712.7	982	712.7	1.855129336
291	292	18	13	19	13	982	712.7	1036	712.7	1.855129336
292	293	19	13	20	13	1036	712.7	1090	712.7	1.855129336
294	295	0	14	1	14	10	766.6	64	766.6	1.855129336
295	296	1	14	2	14	64	766.6	118	766.6	1.855129336
296	297	2	14	3	14	118	766.6	172	766.6	1.855129336
297	298	3	14	4	14	172	766.6	226	766.6	1.855129336
298	299	4	14	5	14	226	766.6	280	766.6	1.855129336
299	300	5	14	6	14	280	766.6	334	766.6	1.855129336
300	301	6	14	7	14	334	766.6	388	766.6	1.855129336
301	302	7	14	8	14	388	766.6	442	766.6	1.855129336
302	303	8	14	9	14	442	766.6	496	766.6	1.855129336
303	304	9	14	10	14	496	766.6	550	766.6	1.855129336
304	305	10	14	11	14	550	766.6	604	766.6	1.855129336
305	306	11	14	12	14	604	766.6	658	766.6	1.855129336
306	307	12	14	13	14	658	766.6	712	766.6	1.855129336
307	308	13	14	14	14	712	766.6	766	766.6	1.855129336
308	309	14	14	15	14	766	766.6	820	766.6	1.855129336
309	310	15	14	16	14	820	766.6	874	766.6	1.855129336
310	311	16	14	17	14	874	766.6	928	766.6	1.855129336
311	312	17	14	18	14	928	766.6	982	766.6	1.855129336
312	313	18	14	19	14	982	766.6	1036	766.6	1.855129336
313	314	19	14	20	14	1036	766.6	1090	766.6	1.855129336
315	316	0	15	1	15	10	820.5	64	820.5	1.855129336
316	317	1	15	2	15	64	820.5	118	820.5	1.855129336
317	318	2	15	3	15	118	820.5	172	820.5	1.855129336
318	319	3	15	4	15	172	820.5	226	820.5	1.855129336
319	320	4	15	5	15	226	820.5	280	820.5	1.855129336
320	321	5	15	6	15	280	820.5	334	820.5	1.855129336
321	322	6	15	7	15	334	820.5	388	820.5	1.855129336
322	323	7	15	8	15	388	820.5	442	820.5	1.855129336
323	324	8	15	9	15	442	820.5	496	820.5	1.855129336
324	325	9	15	10	15	496	820.5	550	820.5	1.855129336
325	326	10	15	11	15	550	820.5	604	820.5	1.855129336
326	327	11	15	12	15	604	820.5	658	820.5	1.855129336
327	328	12	15	13	15	658	820.5	712	820.5	1.855129336
328	329	13	15	14	15	712	820.5	766	820.5	1.855129336
329	330	14	15	15	15	766	820.5	820	820.5	1.855129336
330	331	15	15	16	15	820	820.5	874	820.5	1.855129336
331	332	16	15	17	15	874	820.5	928	820.5	1.855129336
332	333	17	15	18	15	928	820.5	982	820.5	1.855129336
333	334	18	15	19	15	982	820.5	1036	820.5	1.855129336
334	335	19	15	20	15	1036	820.5	1090	820.5	1.855129336
336	337	0	16	1	16	10	874.4	64	874.4	1.855129336
337	338	1	16	2	16	64	874.4	118	874.4	1.855129336
338	339	2	16	3	16	118	874.4	172	874.4	1.855129336
339	340	3	16	4	16	172	874.4	226	874.4	1.855129336
340	341	4	16	5	16	226	874.4	280	874.4	1.855129336
341	342	5	16	6	16	280	874.4	334	874.4	1.855129336
342	343	6	16	7	16	334	874.4	388	874.4	1.855129336
343	344	7	16	8	16	388	874.4	442	874.4	1.855129336
344	345	8	16	9	16	442	874.4	496	874.4	1.855129336
345	346	9	16	10	16	496	874.4	550	874.4	1.855129336
346	347	10	16	11	16	550	874.4	604	874.4	1.855129336
347	348	11	16	12	16	604	874.4	658	874.4	1.855129336
348	349	12	16	13	16	658	874.4	712	874.4	1.855129336
349	350	13	16	14	16	712	874.4	766	874.4	1.855129336
350	351	14	16	15	16	766	874.4	820	874.4	1.855129336
351	352	15	16	16	16	820	874.4	874	874.4	1.855129336
352	353	16	16	17	16	874	874.4	928	874.4	1.855129336
353	354	17	16	18	16	928	874.4	982	874.4	1.855129336
354	355	18	16	19	16	982	874.4	1036	874.4	1.855129336
355	356	19	16	20	16	1036	874.4	1090	874.4	1.855129336
357	358	0	17	1	17	10	928.3	64	928.3	1.855129336
358	359	1	17	2	17	64	928.3	118	928.3	1.855129336
359	360	2	17	3	17	118	928.3	172	928.3	1.855129336
360	361	3	17	4	17	172	928.3	226	928.3	1.855129336
361	362	4	17	5	17	226	928.3	280	928.3	1.855129336
362	363	5	17	6	17	280	928.3	334	928.3	1.855129336
363	364	6	17	7	17	334	928.3	388	928.3	1.855129336
364	365	7	17	8	17	388	928.3	442	928.3	1.855129336
365	366	8	17	9	17	442	928.3	496	928.3	1.855129336
366	367	9	17	10	17	496	928.3	550	928.3	1.855129336
367	368	10	17	11	17	550	928.3	604	928.3	1.855129336
368	369	11	17	12	17	604	928.3	658	928.3	1.855129336
369	370	12	17	13	17	658	928.3	712	928.3	1.855129336
370	371	13	17	14	17	712	928.3	766	928.3	1.855129336
371	372	14	17	15	17	766	928.3	820	928.3	1.855129336
372	373	15	17	16	17	820	928.3	874	928.3	1.855129336
373	374	16	17	17	17	874	928.3	928	928.3	1.855129336
374	375	17	17	18	17	928	928.3	982	928.3	1.855129336
375	376	18	17	19	17	982	928.3	1036	928.3	1.855129336
376	377	19	17	20	17	1036	928.3	1090	928.3	1.855129336
378	379	0	18	1	18	10	982.2	64	982.2	1.855129336
379	380	1	18	2	18	64	982.2	118	982.2	1.855129336
380	381	2	18	3	18	118	982.2	172	982.2	1.855129336
381	382	3	18	4	18	172	982.2	226	982.2	1.855129336
382	383	4	18	5	18	226	982.2	280	982.2	1.855129336
383	384	5	18	6	18	280	982.2	334	982.2	1.855129336
384	385	6	18	7	18	334	982.2	388	982.2	1.855129336
385	386	7	18	8	18	388	982.2	442	982.2	1.855129336
386	387	8	18	9	18	442	982.2	496	982.2	1.855129336
387	388	9	18	10	18	496	982.2	550	982.2	1.855129336
388	389	10	18	11	18	550	982.2	604	982.2	1.855129336
389	390	11	18	12	18	604	982.2	658	982.2	1.855129336
390	391	12	18	13	18	658	982.2	712	982.2	1.855129336
391	392	13	18	14	18	712	982.2	766	982.2	1.855129336
392	393	14	18	15	18	766	982.2	820	982.2	1.855129336
393	394	15	18	16	18	820	982.2	874	982.2	1.855129336
394	395	16	18	17	18	874	982.2	928	982.2	1.855129336
395	396	17	18	18	18	928	982.2	982	982.2	1.855129336
396	397	18	18	19	18	982	982.2	1036	982.2	1.855129336
397	398	19	18	20	18	1036	982.2	1090	982.2	1.855129336
399	400	0	19	1	19	10	1036.1	64	1036.1	1.855129336
400	401	1	19	2	19	64	1036.1	118	1036.1	1.855129336
401	402	2	19	3	19	118	1036.1	172	1036.1	1.855129336
402	403	3	19	4	19	172	1036.1	226	1036.1	1.855129336
403	404	4	19	5	19	226	1036.1	280	1036.1	1.855129336
404	405	5	19	6	19	280	1036.1	334	1036.1	1.855129336
405	406	6	19	7	19	334	1036.1	388	1036.1	1.855129336
406	407	7	19	8	19	388	1036.1	442	1036.1	1.855129336
407	408	8	19	9	19	442	1036.1	496	1036.1	1.855129336
408	409	9	19	10	19	496	1036.1	550	1036.1	1.855129336
409	410	10	19	11	19	550	1036.1	604	1036.1	1.855129336
410	411	11	19	12	19	604	1036.1	658	1036.1	1.855129336
411	412	12	19	13	19	658	1036.1	712	1036.1	1.855129336
412	413	13	19	14	19	712	1036.1	766	1036.1	1.855129336
413	414	14	19	15	19	766	1036.1	820	1036.1	1.855129336
414	415	15	19	16	19	820	1036.1	874	1036.1	1.855129336
415	416	16	19	17	19	874	1036.1	928	1036.1	1.855129336
416	417	17	19	18	19	928	1036.1	982	1036.1	1.855129336
417	418	18	19	19	19	982	1036.1	1036	1036.1	1.855129336
418	419	19	19	20	19	1036	1036.1	1090	1036.1	1.855129336
420	421	0	20	1	20	10	1090	64	1090	1.855129336
421	422	1	20	2	20	64	1090	118	1090	1.855129336
422	423	2	20	3	20	118	1090	172	1090	1.855129336
423	424	3	20	4	20	172	1090	226	1090	1.855129336
424	425	4	20	5	20	226	1090	280	1090	1.855129336
425	426	5	20	6	20	280	1090	334	1090	1.855129336
426	427	6	20	7	20	334	1090	388	1090	1.855129336
427	428	7	20	8	20	388	1090	442	1090	1.855129336
428	429	8	20	9	20	442	1090	496	1090	1.855129336
429	430	9	20	10	20	496	1090	550	1090	1.855129336
430	431	10	20	11	20	550	1090	604	1090	1.855129336
431	432	11	20	12	20	604	1090	658	1090	1.855129336
432	433	12	20	13	20	658	1090	712	1090	1.855129336
433	434	13	20	14	20	712	1090	766	1090	1.855129336
434	435	14	20	15	20	766	1090	820	1090	1.855129336
435	436	15	20	16	20	820	1090	874	1090	1.855129336
436	437	16	20	17	20	874	1090	928	1090	1.855129336
437	438	17	20	18	20	928	1090	982	1090	1.855129336
438	439	18	20	19	20	982	1090	1036	1090	1.855129336
439	440	19	20	20	20	1036	1090	1090	1090	1.855129336
0	21	0	0	0	1	10	12	10	65.9	1.193126601
1	22	1	0	1	1	64	12	64	65.9	1.193126601
2	23	2	0	2	1	118	12	118	65.9	1.193126601
3	24	3	0	3	1	172	12	172	65.9	1.193126601
4	25	4	0	4	1	226	12	226	65.9	1.193126601
5	26	5	0	5	1	280	12	280	65.9	1.193126601
6	27	6	0	6	1	334	12	334	65.9	1.193126601
7	28	7	0	7	1	388	12	388	65.9	1.193126601
8	29	8	0	8	1	442	12	442	65.9	1.193126601
9	30	9	0	9	1	496	12	496	65.9	1.193126601
10	31	10	0	10	1	550	12	550	65.9	1.193126601
11	32	11	0	11	1	604	12	604	65.9	1.193126601
12	33	12	0	12	1	658	12	658	65.9	1.193126601
13	34	13	0	13	1	712	12	712	65.9	1.193126601
14	35	14	0	14	1	766	12	766	65.9	1.193126601
15	36	15	0	15	1	820	12	820	65.9	1.193126601
16	37	16	0	16	1	874	12	874	65.9	1.193126601
17	38	17	0	17	1	928	12	928	65.9	1.193126601
18	39	18	0	18	1	982	12	982	65.9	1.193126601
19	40	19	0	19	1	1036	12	1036	65.9	1.193126601
20	41	20	0	20	1	1090	12	1090	65.9	1.193126601
21	42	0	1	0	2	10	65.9	10	119.8	1.193126601
22	43	1	1	1	2	64	65.9	64	119.8	1.193126601
23	44	2	1	2	2	118	65.9	118	119.8	1.193126601
24	45	3	1	3	2	172	65.9	172	119.8	1.193126601
25	46	4	1	4	2	226	65.9	226	119.8	1.193126601
26	47	5	1	5	2	280	65.9	280	119.8	1.193126601
27	48	6	1	6	2	334	65.9	334	119.8	1.193126601
28	49	7	1	7	2	388	65.9	388	119.8	1.193126601
29	50	8	1	8	2	442	65.9	442	119.8	1.193126601
30	51	9	1	9	2	496	65.9	496	119.8	1.193126601
31	52	10	1	10	2	550	65.9	550	119.8	1.193126601
32	53	11	1	11	2	604	65.9	604	119.8	1.193126601
33	54	12	1	12	2	658	65.9	658	119.8	1.193126601
34	55	13	1	13	2	712	65.9	712	119.8	1.193126601
35	56	14	1	14	2	766	65.9	766	119.8	1.193126601
36	57	15	1	15	2	820	65.9	820	119.8	1.193126601
37	58	16	1	16	2	874	65.9	874	119.8	1.193126601
38	59	17	1	17	2	928	65.9	928	119.8	1.193126601
39	60	18	1	18	2	982	65.9	982	119.8	1.193126601
40	61	19	1	19	2	1036	65.9	1036	119.8	1.193126601
41	62	20	1	20	2	1090	65.9	1090	119.8	1.193126601
42	63	0	2	0	3	10	119.8	10	173.7	1.193126601
43	64	1	2	1	3	64	119.8	64	173.7	1.193126601
44	65	2	2	2	3	118	119.8	118	173.7	1.193126601
45	66	3	2	3	3	172	119.8	172	173.7	1.193126601
46	67	4	2	4	3	226	119.8	226	173.7	1.193126601
47	68	5	2	5	3	280	119.8	280	173.7	1.193126601
48	69	6	2	6	3	334	119.8	334	173.7	1.193126601
49	70	7	2	7	3	388	119.8	388	173.7	1.193126601
50	71	8	2	8	3	442	119.8	442	173.7	1.193126601
51	72	9	2	9	3	496	119.8	496	173.7	1.193126601
52	73	10	2	10	3	550	119.8	550	173.7	1.193126601
53	74	11	2	11	3	604	119.8	604	173.7	1.193126601
54	75	12	2	12	3	658	119.8	658	173.7	1.193126601
55	76	13	2	13	3	712	119.8	712	173.7	1.193126601
56	77	14	2	14	3	766	119.8	766	173.7	1.193126601
57	78	15	2	15	3	820	119.8	820	173.7	1.193126601
58	79	16	2	16	3	874	119.8	874	173.7	1.193126601
59	80	17	2	17	3	928	119.8	928	173.7	1.193126601
60	81	18	2	18	3	982	119.8	982	173.7	1.193126601
61	82	19	2	19	3	1036	119.8	1036	173.7	1.193126601
62	83	20	2	20	3	1090	119.8	1090	173.7	1.193126601
63	84	0	3	0	4	10	173.7	10	227.6	1.193126601
64	85	1	3	1	4	64	173.7	64	227.6	1.193126601
65	86	2	3	2	4	118	173.7	118	227.6	1.193126601
66	87	3	3	3	4	172	173.7	172	227.6	1.193126601
67	88	4	3	4	4	226	173.7	226	227.6	1.193126601
68	89	5	3	5	4	280	173.7	280	227.6	1.193126601
69	90	6	3	6	4	334	173.7	334	227.6	1.193126601
70	91	7	3	7	4	388	173.7	388	227.6	1.193126601
71	92	8	3	8	4	442	173.7	442	227.6	1.193126601
72	93	9	3	9	4	496	173.7	496	227.6	1.193126601
73	94	10	3	10	4	550	173.7	550	227.6	1.193126601
74	95	11	3	11	4	604	173.7	604	227.6	1.193126601
75	96	12	3	12	4	658	173.7	658	227.6	1.193126601
76	97	13	3	13	4	712	173.7	712	227.6	1.193126601
77	98	14	3	14	4	766	173.7	766	227.6	1.193126601
78	99	15	3	15	4	820	173.7	820	227.6	1.193126601
79	100	16	3	16	4	874	173.7	874	227.6	1.193126601
80	101	17	3	17	4	928	173.7	928	227.6	1.193126601
81	102	18	3	18	4	982	173.7	982	227.6	1.193126601
82	103	19	3	19	4	1036	173.7	1036	227.6	1.193126601
83	104	20	3	20	4	1090	173.7	1090	227.6	1.193126601
84	105	0	4	0	5	10	227.6	10	281.5	1.193126601
85	106	1	4	1	5	64	227.6	64	281.5	1.193126601
86	107	2	4	2	5	118	227.6	118	281.5	1.193126601
87	108	3	4	3	5	172	227.6	172	281.5	1.193126601
88	109	4	4	4	5	226	227.6	226	281.5	1.193126601
89	110	5	4	5	5	280	227.6	280	281.5	1.193126601
90	111	6	4	6	5	334	227.6	334	281.5	1.193126601
91	112	7	4	7	5	388	227.6	388	281.5	1.193126601
92	113	8	4	8	5	442	227.6	442	281.5	1.193126601
93	114	9	4	9	5	496	227.6	496	281.5	1.193126601
94	115	10	4	10	5	550	227.6	550	281.5	1.193126601
95	116	11	4	11	5	604	227.6	604	281.5	1.193126601
96	117	12	4	12	5	658	227.6	658	281.5	1.193126601
97	118	13	4	13	5	712	227.6	712	281.5	1.193126601
98	119	14	4	14	5	766	227.6	766	281.5	1.193126601
99	120	15	4	15	5	820	227.6	820	281.5	1.193126601
100	121	16	4	16	5	874	227.6	874	281.5	1.193126601
101	122	17	4	17	5	928	227.6	928	281.5	1.193126601
102	123	18	4	18	5	982	227.6	982	281.5	1.193126601
103	124	19	4	19	5	1036	227.6	1036	281.5	1.193126601
104	125	20	4	20	5	1090	227.6	1090	281.5	1.193126601
105	126	0	5	0	6	10	281.5	10	335.4	1.193126601
106	127	1	5	1	6	64	281.5	64	335.4	1.193126601
107	128	2	5	2	6	118	281.5	118	335.4	1.193126601
108	129	3	5	3	6	172	281.5	172	335.4	1.193126601
109	130	4	5	4	6	226	281.5	226	335.4	1.193126601
110	131	5	5	5	6	280	281.5	280	335.4	1.193126601
111	132	6	5	6	6	334	281.5	334	335.4	1.193126601
112	133	7	5	7	6	388	281.5	388	335.4	1.193126601
113	134	8	5	8	6	442	281.5	442	335.4	1.193126601
114	135	9	5	9	6	496	281.5	496	335.4	1.193126601
115	136	10	5	10	6	550	281.5	550	335.4	1.193126601
116	137	11	5	11	6	604	281.5	604	335.4	1.193126601
117	138	12	5	12	6	658	281.5	658	335.4	1.193126601
118	139	13	5	13	6	712	281.5	712	335.4	1.193126601
119	140	14	5	14	6	766	281.5	766	335.4	1.193126601
120	141	15	5	15	6	820	281.5	820	335.4	1.193126601
121	142	16	5	16	6	874	281.5	874	335.4	1.193126601
122	143	17	5	17	6	928	281.5	928	335.4	1.193126601
123	144	18	5	18	6	982	281.5	982	335.4	1.193126601
124	145	19	5	19	6	1036	281.5	1036	335.4	1.193126601
125	146	20	5	20	6	1090	281.5	1090	335.4	1.193126601
126	147	0	6	0	7	10	335.4	10	389.3	1.193126601
127	148	1	6	1	7	64	335.4	64	389.3	1.193126601
128	149	2	6	2	7	118	335.4	118	389.3	1.193126601
129	150	3	6	3	7	172	335.4	172	389.3	1.193126601
130	151	4	6	4	7	226	335.4	226	389.3	1.193126601
131	152	5	6	5	7	280	335.4	280	389.3	1.193126601
132	153	6	6	6	7	334	335.4	334	389.3	1.193126601
133	154	7	6	7	7	388	335.4	388	389.3	1.193126601
134	155	8	6	8	7	442	335.4	442	389.3	1.193126601
135	156	9	6	9	7	496	335.4	496	389.3	1.193126601
136	157	10	6	10	7	550	335.4	550	389.3	1.193126601
137	158	11	6	11	7	604	335.4	604	389.3	1.193126601
138	159	12	6	12	7	658	335.4	658	389.3	1.193126601
139	160	13	6	13	7	712	335.4	712	389.3	1.193126601
140	161	14	6	14	7	766	335.4	766	389.3	1.193126601
141	162	15	6	15	7	820	335.4	820	389.3	1.193126601
142	163	16	6	16	7	874	335.4	874	389.3	1.193126601
143	164	17	6	17	7	928	335.4	928	389.3	1.193126601
144	165	18	6	18	7	982	335.4	982	389.3	1.193126601
145	166	19	6	19	7	1036	335.4	1036	389.3	1.193126601
146	167	20	6	20	7	1090	335.4	1090	389.3	1.193126601
147	168	0	7	0	8	10	389.3	10	443.2	1.193126601
148	169	1	7	1	8	64	389.3	64	443.2	1.193126601
149	170	2	7	2	8	118	389.3	118	443.2	1.193126601
150	171	3	7	3	8	172	389.3	172	443.2	1.193126601
151	172	4	7	4	8	226	389.3	226	443.2	1.193126601
152	173	5	7	5	8	280	389.3	280	443.2	1.193126601
153	174	6	7	6	8	334	389.3	334	443.2	1.193126601
154	175	7	7	7	8	388	389.3	388	443.2	1.193126601
155	176	8	7	8	8	442	389.3	442	443.2	1.193126601
156	177	9	7	9	8	496	389.3	496	443.2	1.193126601
157	178	10	7	10	8	550	389.3	550	443.2	1.193126601
158	179	11	7	11	8	604	389.3	604	443.2	1.193126601
159	180	12	7	12	8	658	389.3	658	443.2	1.193126601
160	181	13	7	13	8	712	389.3	712	443.2	1.193126601
161	182	14	7	14	8	766	389.3	766	443.2	1.193126601
162	183	15	7	15	8	820	389.3	820	443.2	1.193126601
163	184	16	7	16	8	874	389.3	874	443.2	1.193126601
164	185	17	7	17	8	928	389.3	928	443.2	1.193126601
165	186	18	7	18	8	982	389.3	982	443.2	1.193126601
166	187	19	7	19	8	1036	389.3	1036	443.2	1.193126601
167	188	20	7	20	8	1090	389.3	1090	443.2	1.193126601
168	189	0	8	0	9	10	443.2	10	497.1	1.193126601
169	190	1	8	1	9	64	443.2	64	497.1	1.193126601
170	191	2	8	2	9	118	443.2	118	497.1	1.193126601
171	192	3	8	3	9	172	443.2	172	497.1	1.193126601
172	193	4	8	4	9	226	443.2	226	497.1	1.193126601
173	194	5	8	5	9	280	443.2	280	497.1	1.193126601
174	195	6	8	6	9	334	443.2	334	497.1	1.193126601
175	196	7	8	7	9	388	443.2	388	497.1	1.193126601
176	197	8	8	8	9	442	443.2	442	497.1	1.193126601
177	198	9	8	9	9	496	443.2	496	497.1	1.193126601
178	199	10	8	10	9	550	443.2	550	497.1	1.193126601
179	200	11	8	11	9	604	443.2	604	497.1	1.193126601
180	201	12	8	12	9	658	443.2	658	497.1	1.193126601
181	202	13	8	13	9	712	443.2	712	497.1	1.193126601
182	203	14	8	14	9	766	443.2	766	497.1	1.193126601
183	204	15	8	15	9	820	443.2	820	497.1	1.193126601
184	205	16	8	16	9	874	443.2	874	497.1	1.193126601
185	206	17	8	17	9	928	443.2	928	497.1	1.193126601
186	207	18	8	18	9	982	443.2	982	497.1	1.193126601
187	208	19	8	19	9	1036	443.2	1036	497.1	1.193126601
188	209	20	8	20	9	1090	443.2	1090	497.1	1.193126601
189	210	0	9	0	10	10	497.1	10	551	1.193126601
190	211	1	9	1	10	64	497.1	64	551	1.193126601
191	212	2	9	2	10	118	497.1	118	551	1.193126601
192	213	3	9	3	10	172	497.1	172	551	1.193126601
193	214	4	9	4	10	226	497.1	226	551	1.193126601
194	215	5	9	5	10	280	497.1	280	551	1.193126601
195	216	6	9	6	10	334	497.1	334	551	1.193126601
196	217	7	9	7	10	388	497.1	388	551	1.193126601
197	218	8	9	8	10	442	497.1	442	551	1.193126601
198	219	9	9	9	10	496	497.1	496	551	1.193126601
199	220	10	9	10	10	550	497.1	550	551	1.193126601
200	221	11	9	11	10	604	497.1	604	551	1.193126601
201	222	12	9	12	10	658	497.1	658	551	1.193126601
202	223	13	9	13	10	712	497.1	712	551	1.193126601
203	224	14	9	14	10	766	497.1	766	551	1.193126601
204	225	15	9	15	10	820	497.1	820	551	1.193126601
205	226	16	9	16	10	874	497.1	874	551	1.193126601
206	227	17	9	17	10	928	497.1	928	551	1.193126601
207	228	18	9	18	10	982	497.1	982	551	1.193126601
208	229	19	9	19	10	1036	497.1	1036	551	1.193126601
209	230	20	9	20	10	1090	497.1	1090	551	1.193126601
210	231	0	10	0	11	10	551	10	604.9	1.193126601
211	232	1	10	1	11	64	551	64	604.9	1.193126601
212	233	2	10	2	11	118	551	118	604.9	1.193126601
213	234	3	10	3	11	172	551	172	604.9	1.193126601
214	235	4	10	4	11	226	551	226	604.9	1.193126601
215	236	5	10	5	11	280	551	280	604.9	1.193126601
216	237	6	10	6	11	334	551	334	604.9	1.193126601
217	238	7	10	7	11	388	551	388	604.9	1.193126601
218	239	8	10	8	11	442	551	442	604.9	1.193126601
219	240	9	10	9	11	496	551	496	604.9	1.193126601
220	241	10	10	10	11	550	551	550	604.9	1.193126601
221	242	11	10	11	11	604	551	604	604.9	1.193126601
222	243	12	10	12	11	658	551	658	604.9	1.193126601
223	244	13	10	13	11	712	551	712	604.9	1.193126601
224	245	14	10	14	11	766	551	766	604.9	1.193126601
225	246	15	10	15	11	820	551	820	604.9	1.193126601
226	247	16	10	16	11	874	551	874	604.9	1.193126601
227	248	17	10	17	11	928	551	928	604.9	1.193126601
228	249	18	10	18	11	982	551	982	604.9	1.193126601
229	250	19	10	19	11	1036	551	1036	604.9	1.193126601
230	251	20	10	20	11	1090	551	1090	604.9	1.193126601
231	252	0	11	0	12	10	604.9	10	658.8	1.193126601
232	253	1	11	1	12	64	604.9	64	658.8	1.193126601
233	254	2	11	2	12	118	604.9	118	658.8	1.193126601
234	255	3	11	3	12	172	604.9	172	658.8	1.193126601
235	256	4	11	4	12	226	604.9	226	658.8	1.193126601
236	257	5	11	5	12	280	604.9	280	658.8	1.193126601
237	258	6	11	6	12	334	604.9	334	658.8	1.193126601
238	259	7	11	7	12	388	604.9	388	658.8	1.193126601
239	260	8	11	8	12	442	604.9	442	658.8	1.193126601
240	261	9	11	9	12	496	604.9	496	658.8	1.193126601
241	262	10	11	10	12	550	604.9	550	658.8	1.193126601
242	263	11	11	11	12	604	604.9	604	658.8	1.193126601
243	264	12	11	12	12	658	604.9	658	658.8	1.193126601
244	265	13	11	13	12	712	604.9	712	658.8	1.193126601
245	266	14	11	14	12	766	604.9	766	658.8	1.193126601
246	267	15	11	15	12	820	604.9	820	658.8	1.193126601
247	268	16	11	16	12	874	604.9	874	658.8	1.193126601
248	269	17	11	17	12	928	604.9	928	658.8	1.193126601
249	270	18	11	18	12	982	604.9	982	658.8	1.193126601
250	271	19	11	19	12	1036	604.9	1036	658.8	1.193126601
251	272	20	11	20	12	1090	604.9	1090	658.8	1.193126601
252	273	0	12	0	13	10	658.8	10	712.7	1.193126601
253	274	1	12	1	13	64	658.8	64	712.7	1.193126601
254	275	2	12	2	13	118	658.8	118	712.7	1.193126601
255	276	3	12	3	13	172	658.8	172	712.7	1.193126601
256	277	4	12	4	13	226	658.8	226	712.7	1.193126601
257	278	5	12	5	13	280	658.8	280	712.7	1.193126601
258	279	6	12	6	13	334	658.8	334	712.7	1.193126601
259	280	7	12	7	13	388	658.8	388	712.7	1.193126601
260	281	8	12	8	13	442	658.8	442	712.7	1.193126601
261	282	9	12	9	13	496	658.8	496	712.7	1.193126601
262	283	10	12	10	13	550	658.8	550	712.7	1.193126601
263	284	11	12	11	13	604	658.8	604	712.7	1.193126601
264	285	12	12	12	13	658	658.8	658	712.7	1.193126601
265	286	13	12	13	13	712	658.8	712	712.7	1.193126601
266	287	14	12	14	13	766	658.8	766	712.7	1.193126601
267	288	15	12	15	13	820	658.8	820	712.7	1.193126601
268	289	16	12	16	13	874	658.8	874	712.7	1.193126601
269	290	17	12	17	13	928	658.8	928	712.7	1.193126601
270	291	18	12	18	13	982	658.8	982	712.7	1.193126601
271	292	19	12	19	13	1036	658.8	1036	712.7	1.193126601
272	293	20	12	20	13	1090	658.8	1090	712.7	1.193126601
273	294	0	13	0	14	10	712.7	10	766.6	1.193126601
274	295	1	13	1	14	64	712.7	64	766.6	1.193126601
275	296	2	13	2	14	118	712.7	118	766.6	1.193126601
276	297	3	13	3	14	172	712.7	172	766.6	1.193126601
277	298	4	13	4	14	226	712.7	226	766.6	1.193126601
278	299	5	13	5	14	280	712.7	280	766.6	1.193126601
279	300	6	13	6	14	334	712.7	334	766.6	1.193126601
280	301	7	13	7	14	388	712.7	388	766.6	1.193126601
281	302	8	13	8	14	442	712.7	442	766.6	1.193126601
282	303	9	13	9	14	496	712.7	496	766.6	1.193126601
283	304	10	13	10	14	550	712.7	550	766.6	1.193126601
284	305	11	13	11	14	604	712.7	604	766.6	1.193126601
285	306	12	13	12	14	658	712.7	658	766.6	1.193126601
286	307	13	13	13	14	712	712.7	712	766.6	1.193126601
287	308	14	13	14	14	766	712.7	766	766.6	1.193126601
288	309	15	13	15	14	820	712.7	820	766.6	1.193126601
289	310	16	13	16	14	874	712.7	874	766.6	1.193126601
290	311	17	13	17	14	928	712.7	928	766.6	1.193126601
291	312	18	13	18	14	982	712.7	982	766.6	1.193126601
292	313	19	13	19	14	1036	712.7	1036	766.6	1.193126601
293	314	20	13	20	14	1090	712.7	1090	766.6	1.193126601
294	315	0	14	0	15	10	766.6	10	820.5	1.193126601
295	316	1	14	1	15	64	766.6	64	820.5	1.193126601
296	317	2	14	2	15	118	766.6	118	820.5	1.193126601
297	318	3	14	3	15	172	766.6	172	820.5	1.193126601
298	319	4	14	4	15	226	766.6	226	820.5	1.193126601
299	320	5	14	5	15	280	766.6	280	820.5	1.193126601
300	321	6	14	6	15	334	766.6	334	820.5	1.193126601
301	322	7	14	7	15	388	766.6	388	820.5	1.193126601
302	323	8	14	8	15	442	766.6	442	820.5	1.193126601
303	324	9	14	9	15	496	766.6	496	820.5	1.193126601
304	325	10	14	10	15	550	766.6	550	820.5	1.193126601
305	326	11	14	11	15	604	766.6	604	820.5	1.193126601
306	327	12	14	12	15	658	766.6	658	820.5	1.193126601
307	328	13	14	13	15	712	766.6	712	820.5	1.193126601
308	329	14	14	14	15	766	766.6	766	820.5	1.193126601
309	330	15	14	15	15	820	766.6	820	820.5	1.193126601
310	331	16	14	16	15	874	766.6	874	820.5	1.193126601
311	332	17	14	17	15	928	766.6	928	820.5	1.193126601
312	333	18	14	18	15	982	766.6	982	820.5	1.193126601
313	334	19	14	19	15	1036	766.6	1036	820.5	1.193126601
314	335	20	14	20	15	1090	766.6	1090	820.5	1.193126601
315	336	0	15	0	16	10	820.5	10	874.4	1.193126601
316	337	1	15	1	16	64	820.5	64	874.4	1.193126601
317	338	2	15	2	16	118	820.5	118	874.4	1.193126601
318	339	3	15	3	16	172	820.5	172	874.4	1.193126601
319	340	4	15	4	16	226	820.5	226	874.4	1.193126601
320	341	5	15	5	16	280	820.5	280	874.4	1.193126601
321	342	6	15	6	16	334	820.5	334	874.4	1.193126601
322	343	7	15	7	16	388	820.5	388	874.4	1.193126601
323	344	8	15	8	16	442	820.5	442	874.4	1.193126601
324	345	9	15	9	16	496	820.5	496	874.4	1.193126601
325	346	10	15	10	16	550	820.5	550	874.4	1.193126601
326	347	11	15	11	16	604	820.5	604	874.4	1.193126601
327	348	12	15	12	16	658	820.5	658	874.4	1.193126601
328	349	13	15	13	16	712	820.5	712	874.4	1.193126601
329	350	14	15	14	16	766	820.5	766	874.4	1.193126601
330	351	15	15	15	16	820	820.5	820	874.4	1.193126601
331	352	16	15	16	16	874	820.5	874	874.4	1.193126601
332	353	17	15	17	16	928	820.5	928	874.4	1.193126601
333	354	18	15	18	16	982	820.5	982	874.4	1.193126601
334	355	19	15	19	16	1036	820.5	1036	874.4	1.193126601
335	356	20	15	20	16	1090	820.5	1090	874.4	1.193126601
336	357	0	16	0	17	10	874.4	10	928.3	1.193126601
337	358	1	16	1	17	64	874.4	64	928.3	1.193126601
338	359	2	16	2	17	118	874.4	118	928.3	1.193126601
339	360	3	16	3	17	172	874.4	172	928.3	1.193126601
340	361	4	16	4	17	226	874.4	226	928.3	1.193126601
341	362	5	16	5	17	280	874.4	280	928.3	1.193126601
342	363	6	16	6	17	334	874.4	334	928.3	1.193126601
343	364	7	16	7	17	388	874.4	388	928.3	1.193126601
344	365	8	16	8	17	442	874.4	442	928.3	1.193126601
345	366	9	16	9	17	496	874.4	496	928.3	1.193126601
346	367	10	16	10	17	550	874.4	550	928.3	1.193126601
347	368	11	16	11	17	604	874.4	604	928.3	1.193126601
348	369	12	16	12	17	658	874.4	658	928.3	1.193126601
349	370	13	16	13	17	712	874.4	712	928.3	1.193126601
350	371	14	16	14	17	766	874.4	766	928.3	1.193126601
351	372	15	16	15	17	820	874.4	820	928.3	1.193126601
352	373	16	16	16	17	874	874.4	874	928.3	1.193126601
353	374	17	16	17	17	928	874.4	928	928.3	1.193126601
354	375	18	16	18	17	982	874.4	982	928.3	1.193126601
355	376	19	16	19	17	1036	874.4	1036	928.3	1.193126601
356	377	20	16	20	17	1090	874.4	1090	928.3	1.193126601
357	378	0	17	0	18	10	928.3	10	982.2	1.193126601
358	379	1	17	1	18	64	928.3	64	982.2	1.193126601
359	380	2	17	2	18	118	928.3	118	982.2	1.193126601
360	381	3	17	3	18	172	928.3	172	982.2	1.193126601
361	382	4	17	4	18	226	928.3	226	982.2	1.193126601
362	383	5	17	5	18	280	928.3	280	982.2	1.193126601
363	384	6	17	6	18	334	928.3	334	982.2	1.193126601
364	385	7	17	7	18	388	928.3	388	982.2	1.193126601
365	386	8	17	8	18	442	928.3	442	982.2	1.193126601
366	387	9	17	9	18	496	928.3	496	982.2	1.193126601
367	388	10	17	10	18	550	928.3	550	982.2	1.193126601
368	389	11	17	11	18	604	928.3	604	982.2	1.193126601
369	390	12	17	12	18	658	928.3	658	982.2	1.193126601
370	391	13	17	13	18	712	928.3	712	982.2	1.193126601
371	392	14	17	14	18	766	928.3	766	982.2	1.193126601
372	393	15	17	15	18	820	928.3	820	982.2	1.193126601
373	394	16	17	16	18	874	928.3	874	982.2	1.193126601
374	395	17	17	17	18	928	928.3	928	982.2	1.193126601
375	396	18	17	18	18	982	928.3	982	982.2	1.193126601
376	397	19	17	19	18	1036	928.3	1036	982.2	1.193126601
377	398	20	17	20	18	1090	928.3	1090	982.2	1.193126601
378	399	0	18	0	19	10	982.2	10	1036.1	1.193126601
379	400	1	18	1	19	64	982.2	64	1036.1	1.193126601
380	401	2	18	2	19	118	982.2	118	1036.1	1.193126601
381	402	3	18	3	19	172	982.2	172	1036.1	1.193126601
382	403	4	18	4	19	226	982.2	226	1036.1	1.193126601
383	404	5	18	5	19	280	982.2	280	1036.1	1.193126601
384	405	6	18	6	19	334	982.2	334	1036.1	1.193126601
385	406	7	18	7	19	388	982.2	388	1036.1	1.193126601
386	407	8	18	8	19	442	982.2	442	1036.1	1.193126601
387	408	9	18	9	19	496	982.2	496	1036.1	1.193126601
388	409	10	18	10	19	550	982.2	550	1036.1	1.193126601
389	410	11	18	11	19	604	982.2	604	1036.1	1.193126601
390	411	12	18	12	19	658	982.2	658	1036.1	1.193126601
391	412	13	18	13	19	712	982.2	712	1036.1	1.193126601
392	413	14	18	14	19	766	982.2	766	1036.1	1.193126601
393	414	15	18	15	19	820	982.2	820	1036.1	1.193126601
394	415	16	18	16	19	874	982.2	874	1036.1	1.193126601
395	416	17	18	17	19	928	982.2	928	1036.1	1.193126601
396	417	18	18	18	19	982	982.2	982	1036.1	1.193126601
397	418	19	18	19	19	1036	982.2	1036	1036.1	1.193126601
398	419	20	18	20	19	1090	982.2	1090	1036.1	1.193126601
399	420	0	19	0	20	10	1036.1	10	1090	1.193126601
400	421	1	19	1	20	64	1036.1	64	1090	1.193126601
401	422	2	19	2	20	118	1036.1	118	1090	1.193126601
402	423	3	19	3	20	172	1036.1	172	1090	1.193126601
403	424	4	19	4	20	226	1036.1	226	1090	1.193126601
404	425	5	19	5	20	280	1036.1	280	1090	1.193126601
405	426	6	19	6	20	334	1036.1	334	1090	1.193126601
406	427	7	19	7	20	388	1036.1	388	1090	1.193126601
407	428	8	19	8	20	442	1036.1	442	1090	1.193126601
408	429	9	19	9	20	496	1036.1	496	1090	1.193126601
409	430	10	19	10	20	550	1036.1	550	1090	1.193126601
410	431	11	19	11	20	604	1036.1	604	1090	1.193126601
411	432	12	19	12	20	658	1036.1	658	1090	1.193126601
412	433	13	19	13	20	712	1036.1	712	1090	1.193126601
413	434	14	19	14	20	766	1036.1	766	1090	1.193126601
414	435	15	19	15	20	820	1036.1	820	1090	1.193126601
415	436	16	19	16	20	874	1036.1	874	1090	1.193126601
416	437	17	19	17	20	928	1036.1	928	1090	1.193126601
417	438	18	19	18	20	982	1036.1	982	1090	1.193126601
418	439	19	19	19	20	1036	1036.1	1036	1090	1.193126601
419	440	20	19	20	20	1090	1036.1	1090	1090	1.193126601
