name	node_id	x_um	y_um	current_a
gen_tiles\[0\].i_tile/i_tile/gen_banks\[0\].mem_bank/genblk1.sram_instance#0	734	257.410000	54.915000	7.090909091e-04
gen_tiles\[0\].i_tile/i_tile/gen_banks\[0\].mem_bank/genblk1.sram_instance#1	734	257.410000	54.915000	7.090909091e-04
gen_tiles\[0\].i_tile/i_tile/gen_banks\[12\].mem_bank/genblk1.sram_instance#0	751	941.160000	54.915000	7.090909091e-04
gen_tiles\[0\].i_tile/i_tile/gen_banks\[12\].mem_bank/genblk1.sram_instance#1	751	941.160000	54.915000	7.090909091e-04
gen_tiles\[0\].i_tile/i_tile/gen_banks\[10\].mem_bank/genblk1.sram_instance#0	732	158.750000	54.915000	7.090909091e-04
gen_tiles\[0\].i_tile/i_tile/gen_banks\[10\].mem_bank/genblk1.sram_instance#1	732	158.750000	54.915000	7.090909091e-04
gen_tiles\[0\].i_tile/i_tile/gen_banks\[11\].mem_bank/genblk1.sram_instance#0	642	1039.820000	223.615000	7.090909091e-04
gen_tiles\[0\].i_tile/i_tile/gen_banks\[11\].mem_bank/genblk1.sram_instance#1	642	1039.820000	223.615000	7.090909091e-04
gen_tiles\[0\].i_tile/i_tile/gen_banks\[1\].mem_bank/genblk1.sram_instance#0	85	60.090000	962.605000	7.090909091e-04
gen_tiles\[0\].i_tile/i_tile/gen_banks\[1\].mem_bank/genblk1.sram_instance#1	85	60.090000	962.605000	7.090909091e-04
gen_tiles\[0\].i_tile/i_tile/gen_banks\[2\].mem_bank/genblk1.sram_instance#0	32	158.750000	1047.025000	7.090909091e-04
gen_tiles\[0\].i_tile/i_tile/gen_banks\[2\].mem_bank/genblk1.sram_instance#1	32	158.750000	1047.025000	7.090909091e-04
gen_tiles\[0\].i_tile/i_tile/gen_banks\[3\].mem_bank/genblk1.sram_instance#0	586	1039.820000	308.035000	7.090909091e-04
gen_tiles\[0\].i_tile/i_tile/gen_banks\[3\].mem_bank/genblk1.sram_instance#1	586	1039.820000	308.035000	7.090909091e-04
gen_tiles\[0\].i_tile/i_tile/gen_banks\[14\].mem_bank/genblk1.sram_instance#0	754	1039.820000	54.915000	7.090909091e-04
gen_tiles\[0\].i_tile/i_tile/gen_banks\[14\].mem_bank/genblk1.sram_instance#1	754	1039.820000	54.915000	7.090909091e-04
gen_tiles\[0\].i_tile/i_tile/gen_banks\[13\].mem_bank/genblk1.sram_instance#0	110	1039.820000	951.685000	7.090909091e-04
gen_tiles\[0\].i_tile/i_tile/gen_banks\[13\].mem_bank/genblk1.sram_instance#1	110	1039.820000	951.685000	7.090909091e-04
gen_tiles\[0\].i_tile/i_tile/gen_banks\[15\].mem_bank/genblk1.sram_instance#0	698	1039.820000	139.335000	7.090909091e-04
gen_tiles\[0\].i_tile/i_tile/gen_banks\[15\].mem_bank/genblk1.sram_instance#1	698	1039.820000	139.335000	7.090909091e-04
gen_tiles\[0\].i_tile/i_tile/gen_banks\[4\].mem_bank/genblk1.sram_instance#0	729	60.090000	54.915000	7.090909091e-04
gen_tiles\[0\].i_tile/i_tile/gen_banks\[4\].mem_bank/genblk1.sram_instance#1	729	60.090000	54.915000	7.090909091e-04
gen_tiles\[0\].i_tile/i_tile/gen_banks\[8\].mem_bank/genblk1.sram_instance#0	51	941.160000	1047.025000	7.090909091e-04
gen_tiles\[0\].i_tile/i_tile/gen_banks\[8\].mem_bank/genblk1.sram_instance#1	51	941.160000	1047.025000	7.090909091e-04
gen_tiles\[0\].i_tile/i_tile/gen_banks\[6\].mem_bank/genblk1.sram_instance#0	54	1039.820000	1047.025000	7.090909091e-04
gen_tiles\[0\].i_tile/i_tile/gen_banks\[6\].mem_bank/genblk1.sram_instance#1	54	1039.820000	1047.025000	7.090909091e-04
gen_tiles\[0\].i_tile/i_tile/gen_banks\[5\].mem_bank/genblk1.sram_instance#0	29	60.090000	1047.025000	7.090909091e-04
gen_tiles\[0\].i_tile/i_tile/gen_banks\[5\].mem_bank/genblk1.sram_instance#1	29	60.090000	1047.025000	7.090909091e-04
gen_tiles\[0\].i_tile/i_tile/gen_banks\[7\].mem_bank/genblk1.sram_instance#0	561	60.090000	303.695000	7.090909091e-04
gen_tiles\[0\].i_tile/i_tile/gen_banks\[7\].mem_bank/genblk1.sram_instance#1	561	60.090000	303.695000	7.090909091e-04
gen_tiles\[0\].i_tile/i_tile/gen_banks\[9\].mem_bank/genblk1.sram_instance#0	695	941.160000	139.335000	7.090909091e-04
gen_tiles\[0\].i_tile/i_tile/gen_banks\[9\].mem_bank/genblk1.sram_instance#1	695	941.160000	139.335000	7.090909091e-04
gen_tiles\[0\].i_tile/i_tile/gen_caches\[0\].i_snitch_icache/i_lookup/i_data/genblk1.fr_sp_instance0#0	676	157.230000	138.235000	8.409090909e-04
gen_tiles\[0\].i_tile/i_tile/gen_caches\[0\].i_snitch_icache/i_lookup/i_data/genblk1.fr_sp_instance0#1	676	157.230000	138.235000	8.409090909e-04
gen_tiles\[0\].i_tile/i_tile/gen_caches\[0\].i_snitch_icache/i_lookup/i_data/genblk1.fr_sp_instance1#0	673	59.330000	138.235000	8.409090909e-04
gen_tiles\[0\].i_tile/i_tile/gen_caches\[0\].i_snitch_icache/i_lookup/i_data/genblk1.fr_sp_instance1#1	673	59.330000	138.235000	8.409090909e-04
gen_tiles\[0\].i_tile/i_tile/gen_caches\[0\].i_snitch_icache/i_lookup/i_data/genblk1.fr_sp_instance2#0	617	59.330000	220.415000	8.409090909e-04
gen_tiles\[0\].i_tile/i_tile/gen_caches\[0\].i_snitch_icache/i_lookup/i_data/genblk1.fr_sp_instance2#1	617	59.330000	220.415000	8.409090909e-04
gen_tiles\[0\].i_tile/i_tile/gen_caches\[0\].i_snitch_icache/i_lookup/i_data/genblk1.fr_sp_instance3#0	620	157.230000	220.415000	8.409090909e-04
gen_tiles\[0\].i_tile/i_tile/gen_caches\[0\].i_snitch_icache/i_lookup/i_data/genblk1.fr_sp_instance3#1	620	157.230000	220.415000	8.409090909e-04
