ix	iy	x_um	y_um	i_soft_A	i_hard_A	i_total_A	v_V	ir_drop_V
0	0	10	12	7.440309376e-06	0	7.440309376e-06	1.09136666	0.008633340104
1	0	64	12	7.440309376e-06	0	7.440309376e-06	1.09151271	0.008487289731
2	0	118	12	7.440309376e-06	0	7.440309376e-06	1.091930384	0.008069616233
3	0	172	12	7.440309376e-06	0	7.440309376e-06	1.092527394	0.007472606114
4	0	226	12	7.440309376e-06	0	7.440309376e-06	1.09338203	0.006617969621
5	0	280	12	7.440309376e-06	0	7.440309376e-06	1.094354918	0.005645081703
6	0	334	12	0.0003875618018	0	0.0003875618018	1.095447624	0.004552375609
7	0	388	12	0.0003875618018	0	0.0003875618018	1.096614842	0.003385158379
8	0	442	12	0.0003349766845	0	0.0003349766845	1.097490961	0.002509038889
9	0	496	12	0.0003349766845	0	0.0003349766845	1.097108543	0.002891457107
10	0	550	12	0.0003349766845	0	0.0003349766845	1.096430303	0.003569696771
11	0	604	12	0.0003349766845	0	0.0003349766845	1.095814661	0.004185339189
12	0	658	12	0.0003349766845	0	0.0003349766845	1.095400756	0.004599244333
13	0	712	12	0.0003349766845	0	0.0003349766845	1.095237105	0.00476289487
14	0	766	12	0.0003349766845	0	0.0003349766845	1.095326829	0.004673170774
15	0	820	12	0.0003349766845	0	0.0003349766845	1.095661427	0.004338572516
16	0	874	12	0.0003349766845	0	0.0003349766845	1.096236409	0.003763590704
17	0	928	12	7.440309376e-06	0	7.440309376e-06	1.097065168	0.002934832499
18	0	982	12	7.440309376e-06	0	7.440309376e-06	1.098036087	0.001963913406
19	0	1036	12	7.440309376e-06	0	7.440309376e-06	1.098875438	0.001124561991
20	0	1090	12	7.440309376e-06	0	7.440309376e-06	1.099137719	0.000862281182
0	1	10	65.9	7.440309376e-06	0	7.440309376e-06	1.09114581	0.008854190115
1	1	64	65.9	0.001425622128	0	0.001425622128	1.091096614	0.008903386159
2	1	118	65.9	7.440309376e-06	0	7.440309376e-06	1.091657779	0.008342221267
3	1	172	65.9	0.001425622128	0	0.001425622128	1.09213306	0.007866939736
4	1	226	65.9	7.440309376e-06	0	7.440309376e-06	1.093204403	0.006795596519
5	1	280	65.9	0.001425622128	0	0.001425622128	1.094174855	0.005825144661
6	1	334	65.9	0.0003875618018	0	0.0003875618018	1.0956566	0.004343400294
7	1	388	65.9	0.0003875618018	0	0.0003875618018	1.097392283	0.002607717194
8	1	442	65.9	0.0003275363751	0	0.0003275363751	1.09972855	0.0002714499313
9	1	496	65.9	0.0003349766845	0	0.0003349766845	1.097849255	0.00215074466
10	1	550	65.9	0.0003349766845	0	0.0003349766845	1.096613729	0.003386270554
11	1	604	65.9	0.0003349766845	0	0.0003349766845	1.095781746	0.004218254431
12	1	658	65.9	0.0003349766845	0	0.0003349766845	1.095292403	0.004707596606
13	1	712	65.9	0.0003349766845	0	0.0003349766845	1.095123902	0.004876098304
14	1	766	65.9	0.0003349766845	0	0.0003349766845	1.095226843	0.004773157278
15	1	820	65.9	0.0003349766845	0	0.0003349766845	1.095568423	0.00443157681
16	1	874	65.9	0.0003349766845	0	0.0003349766845	1.096122581	0.003877418818
17	1	928	65.9	0.001425622128	0	0.001425622128	1.096850365	0.003149634953
18	1	982	65.9	7.440309376e-06	0	7.440309376e-06	1.09824689	0.001753109818
19	1	1036	65.9	0.001418181818	0	0.001418181818	1.09977893	0.0002210695047
20	1	1090	65.9	7.440309376e-06	0	7.440309376e-06	1.099551761	0.0004482386725
0	2	10	119.8	7.440309376e-06	0	7.440309376e-06	1.091007688	0.008992311828
1	2	64	119.8	0.001689258491	0	0.001689258491	1.090926362	0.009073638053
2	2	118	119.8	7.440309376e-06	0	7.440309376e-06	1.091524945	0.008475054838
3	2	172	119.8	0.001689258491	0	0.001689258491	1.092006804	0.007993195682
4	2	226	119.8	7.440309376e-06	0	7.440309376e-06	1.093189883	0.006810116813
5	2	280	119.8	7.440309376e-06	0	7.440309376e-06	1.094394673	0.005605326837
6	2	334	119.8	0.0003875618018	0	0.0003875618018	1.095795568	0.004204432128
7	2	388	119.8	0.0003875618018	0	0.0003875618018	1.097560736	0.002439263769
8	2	442	119.8	0.0003275363751	0	0.0003275363751	1.099756577	0.0002434232379
9	2	496	119.8	0.0003349766845	0	0.0003349766845	1.097869761	0.002130238906
10	2	550	119.8	0.0003349766845	0	0.0003349766845	1.096450465	0.003549535081
11	2	604	119.8	0.0003349766845	0	0.0003349766845	1.09549683	0.004503169746
12	2	658	119.8	0.0003349766845	0	0.0003349766845	1.094965949	0.00503405138
13	2	712	119.8	0.0003349766845	0	0.0003349766845	1.094869402	0.005130598291
14	2	766	119.8	0.0003349766845	0	0.0003349766845	1.095036564	0.004963436251
15	2	820	119.8	0.0003349766845	0	0.0003349766845	1.095425649	0.004574351275
16	2	874	119.8	0.0003349766845	0	0.0003349766845	1.096019547	0.003980453244
17	2	928	119.8	0.001425622128	0	0.001425622128	1.096790635	0.003209365363
18	2	982	119.8	7.440309376e-06	0	7.440309376e-06	1.098253224	0.001746775627
19	2	1036	119.8	0.001418181818	0	0.001418181818	1.09979027	0.0002097296263
20	2	1090	119.8	7.440309376e-06	0	7.440309376e-06	1.099618827	0.0003811734891
0	3	10	173.7	7.440309376e-06	0	7.440309376e-06	1.091002252	0.008997747726
1	3	64	173.7	7.440309376e-06	0	7.440309376e-06	1.09111478	0.008885220096
2	3	118	173.7	7.440309376e-06	0	7.440309376e-06	1.091579836	0.008420164377
3	3	172	173.7	7.440309376e-06	0	7.440309376e-06	1.092206084	0.007793915988
4	3	226	173.7	0.0003804697094	0	0.0003804697094	1.093147841	0.006852158581
5	3	280	173.7	0.0003804697094	0	0.0003804697094	1.094315814	0.005684185897
6	3	334	173.7	0.0003804697094	0	0.0003804697094	1.095692975	0.004307025027
7	3	388	173.7	0.0003804697094	0	0.0003804697094	1.097384389	0.002615610952
8	3	442	173.7	0.0003730294	0	0.0003730294	1.099717406	0.0002825944463
9	3	496	173.7	0.0003804697094	0	0.0003804697094	1.097444101	0.002555899087
10	3	550	173.7	0.001126338164	0	0.001126338164	1.095843923	0.004156076658
11	3	604	173.7	0.001126338164	0	0.001126338164	1.094835354	0.005164645994
12	3	658	173.7	0.002176000046	0	0.002176000046	1.094244925	0.005755074843
13	3	712	173.7	0.0002312406885	0	0.0002312406885	1.09448563	0.005514369998
14	3	766	173.7	0.0002312406885	0	0.0002312406885	1.094781984	0.005218016082
15	3	820	173.7	0.0002312406885	0	0.0002312406885	1.095245177	0.004754823351
16	3	874	173.7	0.0002312406885	0	0.0002312406885	1.095921765	0.004078235424
17	3	928	173.7	0.0002312406885	0	0.0002312406885	1.096850587	0.003149412957
18	3	982	173.7	7.440309376e-06	0	7.440309376e-06	1.098150026	0.001849973559
19	3	1036	173.7	0	0	0	1.09978103	0.0002189698076
20	3	1090	173.7	7.440309376e-06	0	7.440309376e-06	1.099425559	0.0005744413078
0	4	10	227.6	7.440309376e-06	0	7.440309376e-06	1.090828089	0.009171910897
1	4	64	227.6	0.001689258491	0	0.001689258491	1.090761307	0.009238693407
2	4	118	227.6	7.440309376e-06	0	7.440309376e-06	1.091390332	0.008609667883
3	4	172	227.6	0.001689258491	0	0.001689258491	1.091921031	0.008078968574
4	4	226	227.6	7.525195847e-05	0	7.525195847e-05	1.093072954	0.006927045887
5	4	280	227.6	7.525195847e-05	0	7.525195847e-05	1.094230584	0.005769415975
6	4	334	227.6	7.525195847e-05	0	7.525195847e-05	1.095420651	0.004579348977
7	4	388	227.6	7.525195847e-05	0	7.525195847e-05	1.096529333	0.00347066715
8	4	442	227.6	7.525195847e-05	0	7.525195847e-05	1.097180312	0.002819687677
9	4	496	227.6	0.001007925484	0	0.001007925484	1.096290716	0.003709284276
10	4	550	227.6	0.001007925484	0	0.001007925484	1.095261544	0.004738456196
11	4	604	227.6	0.001007925484	0	0.001007925484	1.094467756	0.005532244394
12	4	658	227.6	0.001110795328	0	0.001110795328	1.094055396	0.005944604375
13	4	712	227.6	0.0002312406885	0	0.0002312406885	1.094209143	0.00579085681
14	4	766	227.6	0.0002312406885	0	0.0002312406885	1.094461806	0.005538194057
15	4	820	227.6	0.0002312406885	0	0.0002312406885	1.094926718	0.00507328162
16	4	874	227.6	0.0002312406885	0	0.0002312406885	1.095625607	0.004374393038
17	4	928	227.6	0.0002312406885	0	0.0002312406885	1.096528098	0.003471902493
18	4	982	227.6	7.440309376e-06	0	7.440309376e-06	1.097537533	0.00246246736
19	4	1036	227.6	0.001425622128	0	0.001425622128	1.098220357	0.001779642766
20	4	1090	227.6	7.440309376e-06	0	7.440309376e-06	1.098685823	0.001314176952
0	5	10	281.5	7.440309376e-06	0	7.440309376e-06	1.090763998	0.009236001506
1	5	64	281.5	0.001425622128	0	0.001425622128	1.090741783	0.009258216748
2	5	118	281.5	0.0003227154405	0	0.0003227154405	1.091359947	0.008640053188
3	5	172	281.5	0.0003227154405	0	0.0003227154405	1.092085897	0.00791410346
4	5	226	281.5	0.0003227154405	0	0.0003227154405	1.093052264	0.006947735827
5	5	280	281.5	0.0003227154405	0	0.0003227154405	1.09415799	0.005842009532
6	5	334	281.5	0.0003227154405	0	0.0003227154405	1.09533794	0.004662060211
7	5	388	281.5	0.0003227154405	0	0.0003227154405	1.096449005	0.003550994979
8	5	442	281.5	0.0003227154405	0	0.0003227154405	1.09710165	0.002898349576
9	5	496	281.5	0.001007925484	0	0.001007925484	1.096199125	0.003800874548
10	5	550	281.5	0.001007925484	0	0.001007925484	1.095157955	0.004842044771
11	5	604	281.5	0.001007925484	0	0.001007925484	1.094351871	0.005648128674
12	5	658	281.5	0.001110795328	0	0.001110795328	1.093916651	0.006083349178
13	5	712	281.5	7.440309376e-06	0	7.440309376e-06	1.093972669	0.006027330916
14	5	766	281.5	0.001143997691	0	0.001143997691	1.094005423	0.005994577133
15	5	820	281.5	0.001143997691	0	0.001143997691	1.094438274	0.005561726311
16	5	874	281.5	0.0011107901	0	0.0011107901	1.09520669	0.004793309869
17	5	928	281.5	0.0011107901	0	0.0011107901	1.096233136	0.003766863811
18	5	982	281.5	7.440309376e-06	0	7.440309376e-06	1.097439104	0.002560895764
19	5	1036	281.5	0.001425622128	0	0.001425622128	1.098192506	0.001807493663
20	5	1090	281.5	7.440309376e-06	0	7.440309376e-06	1.098676052	0.001323948486
0	6	10	335.4	0.000538321673	0	0.000538321673	1.090740685	0.009259314834
1	6	64	335.4	0.000538321673	0	0.000538321673	1.090921431	0.009078568748
2	6	118	335.4	0.0003322623107	0	0.0003322623107	1.091432449	0.008567550704
3	6	172	335.4	0.0003322623107	0	0.0003322623107	1.092147427	0.007852572618
4	6	226	335.4	0.0003322623107	0	0.0003322623107	1.093085372	0.006914628375
5	6	280	335.4	0.0003322623107	0	0.0003322623107	1.09424047	0.00575952975
6	6	334	335.4	0.0003322623107	0	0.0003322623107	1.095632812	0.004367188433
7	6	388	335.4	0.0003322623107	0	0.0003322623107	1.097351929	0.002648071316
8	6	442	335.4	0.0003248220013	0	0.0003248220013	1.099711519	0.0002884806636
9	6	496	335.4	0.001007925484	0	0.001007925484	1.097167884	0.002832116026
10	6	550	335.4	0.001007925484	0	0.001007925484	1.09553362	0.004466379966
11	6	604	335.4	0.001007925484	0	0.001007925484	1.094504128	0.005495872161
12	6	658	335.4	0.0009691960821	0	0.0009691960821	1.0939451	0.006054899753
13	6	712	335.4	0.0009691960821	0	0.0009691960821	1.093778604	0.006221396337
14	6	766	335.4	0.001150427923	0	0.001150427923	1.093885773	0.006114226509
15	6	820	335.4	0.001150427923	0	0.001150427923	1.094386899	0.005613100813
16	6	874	335.4	0.0007534991397	0	0.0007534991397	1.095317568	0.004682432304
17	6	928	335.4	0.0001897876427	0	0.0001897876427	1.096590037	0.00340996338
18	6	982	335.4	7.440309376e-06	0	7.440309376e-06	1.098050583	0.001949417381
19	6	1036	335.4	0	0	0	1.099779104	0.0002208959175
20	6	1090	335.4	7.440309376e-06	0	7.440309376e-06	1.099424355	0.0005756452681
0	7	10	389.3	0.0002325314166	0	0.0002325314166	1.090887525	0.009112474965
1	7	64	389.3	0.0004765588107	0	0.0004765588107	1.091038743	0.008961257404
2	7	118	389.3	0.0004765588107	0	0.0004765588107	1.091466305	0.008533694536
3	7	172	389.3	0.0004765588107	0	0.0004765588107	1.09214076	0.007859239691
4	7	226	389.3	0.0004765588107	0	0.0004765588107	1.093059318	0.006940682419
5	7	280	389.3	0.0004765588107	0	0.0004765588107	1.094232554	0.005767445712
6	7	334	389.3	0.0004765588107	0	0.0004765588107	1.095698077	0.004301922685
7	7	388	389.3	0.0002693901075	0	0.0002693901075	1.097537494	0.002462505669
8	7	442	389.3	0.0002619497981	0	0.0002619497981	1.09975136	0.0002486402839
9	7	496	389.3	0.0002693901075	0	0.0002693901075	1.097567486	0.002432514306
10	7	550	389.3	0.001085357487	0	0.001085357487	1.095813734	0.00418626606
11	7	604	389.3	0.000753162447	0	0.000753162447	1.094769661	0.005230339489
12	7	658	389.3	0.000753162447	0	0.000753162447	1.09417554	0.005824459783
13	7	712	389.3	0.000753162447	0	0.000753162447	1.093971345	0.006028654951
14	7	766	389.3	0.000753162447	0	0.000753162447	1.094117796	0.005882204207
15	7	820	389.3	0.000753162447	0	0.000753162447	1.094631864	0.005368135892
16	7	874	389.3	0.0007534991397	0	0.0007534991397	1.095528531	0.004471468826
17	7	928	389.3	0.0001897876427	0	0.0001897876427	1.096813573	0.003186426548
18	7	982	389.3	7.440309376e-06	0	7.440309376e-06	1.098251636	0.001748363872
19	7	1036	389.3	5.871931636e-05	0	5.871931636e-05	1.099803338	0.0001966624809
20	7	1090	389.3	7.440309376e-06	0	7.440309376e-06	1.099627313	0.000372687043
0	8	10	443.2	0.0002325314166	0	0.0002325314166	1.090994137	0.009005862778
1	8	64	443.2	0.0004765588107	0	0.0004765588107	1.091125799	0.008874200584
2	8	118	443.2	0.0004765588107	0	0.0004765588107	1.091515703	0.008484297465
3	8	172	443.2	0.0004765588107	0	0.0004765588107	1.092153971	0.007846028543
4	8	226	443.2	0.0004765588107	0	0.0004765588107	1.093036696	0.006963303867
5	8	280	443.2	0.0004765588107	0	0.0004765588107	1.094169598	0.005830402032
6	8	334	443.2	0.0004765588107	0	0.0004765588107	1.095581415	0.004418584737
7	8	388	443.2	0.0002693901075	0	0.0002693901075	1.097366635	0.002633364935
8	8	442	443.2	0.0002619497981	0	0.0002619497981	1.09972168	0.0002783203426
9	8	496	443.2	0.0002693901075	0	0.0002693901075	1.097524098	0.002475901897
10	8	550	443.2	0.001085357487	0	0.001085357487	1.095900082	0.004099918342
11	8	604	443.2	0.000753162447	0	0.000753162447	1.094966836	0.005033164035
12	8	658	443.2	0.000753162447	0	0.000753162447	1.094430957	0.005569042658
13	8	712	443.2	0.000753162447	0	0.000753162447	1.094250137	0.005749863241
14	8	766	443.2	0.000753162447	0	0.000753162447	1.09440948	0.005590519914
15	8	820	443.2	0.000753162447	0	0.000753162447	1.094913198	0.005086802427
16	8	874	443.2	0.0007534991397	0	0.0007534991397	1.095767164	0.00423283612
17	8	928	443.2	0.0001897876427	0	0.0001897876427	1.096958254	0.003041745546
18	8	982	443.2	7.440309376e-06	0	7.440309376e-06	1.098282235	0.001717765202
19	8	1036	443.2	5.871931636e-05	0	5.871931636e-05	1.09979269	0.0002073097903
20	8	1090	443.2	7.440309376e-06	0	7.440309376e-06	1.099562816	0.0004371841065
0	9	10	497.1	0.0002325314166	0	0.0002325314166	1.091090927	0.008909072669
1	9	64	497.1	0.0004765588107	0	0.0004765588107	1.091210751	0.008789248741
2	9	118	497.1	0.0004765588107	0	0.0004765588107	1.091578349	0.00842165107
3	9	172	497.1	0.0004765588107	0	0.0004765588107	1.092186511	0.007813488538
4	9	226	497.1	0.0004765588107	0	0.0004765588107	1.093024508	0.006975492372
5	9	280	497.1	0.0004765588107	0	0.0004765588107	1.094072391	0.005927609069
6	9	334	497.1	0.0004765588107	0	0.0004765588107	1.09528359	0.004716410409
7	9	388	497.1	0.0002693901075	0	0.0002693901075	1.09653557	0.00346442956
8	9	442	497.1	0.0002693901075	0	0.0002693901075	1.097375718	0.002624282359
9	9	496	497.1	0.0002693901075	0	0.0002693901075	1.09681469	0.003185310473
10	9	550	497.1	0.001148323378	0	0.001148323378	1.095822062	0.004177938428
11	9	604	497.1	0.000753162447	0	0.000753162447	1.095177417	0.004822582512
12	9	658	497.1	0.000753162447	0	0.000753162447	1.094765565	0.005234435392
13	9	712	497.1	0.000753162447	0	0.000753162447	1.094631277	0.005368723299
14	9	766	497.1	0.000753162447	0	0.000753162447	1.094796966	0.005203033683
15	9	820	497.1	0.000753162447	0	0.000753162447	1.095281199	0.004718801223
16	9	874	497.1	0.0001704105215	0	0.0001704105215	1.096113153	0.003886846807
17	9	928	497.1	0.0001704105215	0	0.0001704105215	1.09705538	0.002944620327
18	9	982	497.1	0.0001704105215	0	0.0001704105215	1.098029129	0.001970870757
19	9	1036	497.1	6.615962574e-05	0	6.615962574e-05	1.098874372	0.001125628133
20	9	1090	497.1	7.440309376e-06	0	7.440309376e-06	1.099147135	0.000852864588
0	10	10	551	0.0002325314166	0	0.0002325314166	1.091196302	0.008803697943
1	10	64	551	0.0004765588107	0	0.0004765588107	1.091309873	0.008690127009
2	10	118	551	0.0004765588107	0	0.0004765588107	1.091666374	0.008333626077
3	10	172	551	0.0004765588107	0	0.0004765588107	1.092261115	0.007738884518
4	10	226	551	0.0004765588107	0	0.0004765588107	1.093085397	0.006914603112
5	10	280	551	0.0004765588107	0	0.0004765588107	1.094120674	0.00587932635
6	10	334	551	0.0004765588107	0	0.0004765588107	1.095321774	0.004678225991
7	10	388	551	0.0002693901075	0	0.0002693901075	1.096570629	0.003429370851
8	10	442	551	0.0002693901075	0	0.0002693901075	1.097434154	0.002565846106
9	10	496	551	0.0002693901075	0	0.0002693901075	1.097002138	0.002997862306
10	10	550	551	0.001148323378	0	0.001148323378	1.096165429	0.003834571304
11	10	604	551	0.0003697060668	0	0.0003697060668	1.095657295	0.004342704626
12	10	658	551	0.0003697060668	0	0.0003697060668	1.095299852	0.004700148125
13	10	712	551	0.0003697060668	0	0.0003697060668	1.095177249	0.00482275144
14	10	766	551	0.0003697060668	0	0.0003697060668	1.095320418	0.00467958177
15	10	820	551	0.0003697060668	0	0.0003697060668	1.095739797	0.004260203391
16	10	874	551	0.0001725782488	0	0.0001725782488	1.096430513	0.003569486826
17	10	928	551	0.0001725782488	0	0.0001725782488	1.097246318	0.002753681834
18	10	982	551	0.0001725782488	0	0.0001725782488	1.098118659	0.001881340813
19	10	1036	551	6.615962574e-05	0	6.615962574e-05	1.098901622	0.001098378456
20	10	1090	551	7.440309376e-06	0	7.440309376e-06	1.099161796	0.0008382035088
0	11	10	604.9	0.0002325314166	0	0.0002325314166	1.091319984	0.008680016154
1	11	64	604.9	0.0004765588107	0	0.0004765588107	1.091430696	0.008569304106
2	11	118	604.9	0.0004765588107	0	0.0004765588107	1.091783391	0.008216608659
3	11	172	604.9	0.0004765588107	0	0.0004765588107	1.09237824	0.007621759691
4	11	226	604.9	0.0004765588107	0	0.0004765588107	1.093217641	0.006782359196
5	11	280	604.9	0.0004765588107	0	0.0004765588107	1.094310546	0.005689453802
6	11	334	604.9	0.0004765588107	0	0.0004765588107	1.095685127	0.004314872797
7	11	388	604.9	0.0002693901075	0	0.0002693901075	1.097430603	0.002569397311
8	11	442	604.9	0.0002619497981	0	0.0002619497981	1.099732743	0.0002672568667
9	11	496	604.9	0.0002693901075	0	0.0002693901075	1.098044606	0.001955393735
10	11	550	604.9	0.0001437694776	0	0.0001437694776	1.09696036	0.003039640194
11	11	604	604.9	0.0003697060668	0	0.0003697060668	1.096212737	0.003787263129
12	11	658	604.9	0.0003697060668	0	0.0003697060668	1.095778862	0.004221138183
13	11	712	604.9	0.0003697060668	0	0.0003697060668	1.095619847	0.004380152681
14	11	766	604.9	0.0003697060668	0	0.0003697060668	1.095724271	0.004275728911
15	11	820	604.9	0.0003697060668	0	0.0003697060668	1.096086368	0.003913631694
16	11	874	604.9	0.0002772523473	0	0.0002772523473	1.096698023	0.003301976512
17	11	928	604.9	0.0002772523473	0	0.0002772523473	1.097493995	0.002506004515
18	11	982	604.9	0.0002772523473	0	0.0002772523473	1.098491803	0.001508197018
19	11	1036	604.9	5.871931636e-05	0	5.871931636e-05	1.099797176	0.0002028237027
20	11	1090	604.9	7.440309376e-06	0	7.440309376e-06	1.099587226	0.0004127742125
0	12	10	658.8	0.0002325314166	0	0.0002325314166	1.091466418	0.008533582169
1	12	64	658.8	0.0004765588107	0	0.0004765588107	1.091574692	0.008425308218
2	12	118	658.8	0.0004765588107	0	0.0004765588107	1.091923317	0.008076682764
3	12	172	658.8	0.0004765588107	0	0.0004765588107	1.092514545	0.00748545492
4	12	226	658.8	0.0004765588107	0	0.0004765588107	1.093355144	0.006644856465
5	12	280	658.8	0.0004765588107	0	0.0004765588107	1.094461876	0.005538123582
6	12	334	658.8	0.0004765588107	0	0.0004765588107	1.095871216	0.004128783629
7	12	388	658.8	0.0002693901075	0	0.0002693901075	1.097650832	0.002349167603
8	12	442	658.8	0.0002619497981	0	0.0002619497981	1.099767952	0.0002320484311
9	12	496	658.8	0.0002693901075	0	0.0002693901075	1.098373903	0.001626097348
10	12	550	658.8	0.0001437694776	0	0.0001437694776	1.097352391	0.002647609076
11	12	604	658.8	0.0003697060668	0	0.0003697060668	1.096590212	0.003409788356
12	12	658	658.8	0.0003697060668	0	0.0003697060668	1.096140369	0.00385963112
13	12	712	658.8	0.0003697060668	0	0.0003697060668	1.095962703	0.004037296893
14	12	766	658.8	0.0003697060668	0	0.0003697060668	1.096037344	0.003962655611
15	12	820	658.8	0.0003697060668	0	0.0003697060668	1.096354779	0.003645221218
16	12	874	658.8	0.0002772523473	0	0.0002772523473	1.096911324	0.003088676021
17	12	928	658.8	0.0002772523473	0	0.0002772523473	1.097660224	0.002339775898
18	12	982	658.8	0.0002772523473	0	0.0002772523473	1.098619104	0.00138089639
19	12	1036	658.8	5.871931636e-05	0	5.871931636e-05	1.099811205	0.0001887954726
20	12	1090	658.8	7.440309376e-06	0	7.440309376e-06	1.09969245	0.0003075498633
0	13	10	712.7	0.0002325314166	0	0.0002325314166	1.091639395	0.008360605121
1	13	64	712.7	0.0004765588107	0	0.0004765588107	1.091744398	0.008255601992
2	13	118	712.7	0.0004765588107	0	0.0004765588107	1.092085454	0.00791454632
3	13	172	712.7	0.0004765588107	0	0.0004765588107	1.092662537	0.007337463144
4	13	226	712.7	0.0004765588107	0	0.0004765588107	1.093478268	0.006521731902
5	13	280	712.7	0.0004765588107	0	0.0004765588107	1.094542119	0.005457880908
6	13	334	712.7	0.0004765588107	0	0.0004765588107	1.095881003	0.004118996953
7	13	388	712.7	0.0002693901075	0	0.0002693901075	1.097572081	0.00242791864
8	13	442	712.7	0.0002619497981	0	0.0002619497981	1.099745776	0.0002542235661
9	13	496	712.7	0.0002693901075	0	0.0002693901075	1.098349746	0.00165025428
10	13	550	712.7	0.0001434868548	0	0.0001434868548	1.097461698	0.002538302152
11	13	604	712.7	0.0003697060668	0	0.0003697060668	1.096791914	0.003208085851
12	13	658	712.7	0.0003697060668	0	0.0003697060668	1.096388546	0.003611454405
13	13	712	712.7	0.0003697060668	0	0.0003697060668	1.096223123	0.003776876743
14	13	766	712.7	0.0003697060668	0	0.0003697060668	1.096282775	0.003717225221
15	13	820	712.7	0.0003697060668	0	0.0003697060668	1.096561272	0.003438728229
16	13	874	712.7	0.0002772523473	0	0.0002772523473	1.097057917	0.002942083388
17	13	928	712.7	0.0002772523473	0	0.0002772523473	1.097732342	0.002267658475
18	13	982	712.7	0.0002772523473	0	0.0002772523473	1.098616155	0.001383844748
19	13	1036	712.7	5.871931636e-05	0	5.871931636e-05	1.099801543	0.0001984573312
20	13	1090	712.7	7.440309376e-06	0	7.440309376e-06	1.099619266	0.0003807344478
0	14	10	766.6	0.0002325314166	0	0.0002325314166	1.091844001	0.008155999383
1	14	64	766.6	0.0004765588107	0	0.0004765588107	1.091946499	0.008053501204
2	14	118	766.6	0.0004765588107	0	0.0004765588107	1.092280024	0.007719976384
3	14	172	766.6	0.0004765588107	0	0.0004765588107	1.092838888	0.007161112446
4	14	226	766.6	0.0004765588107	0	0.0004765588107	1.093615025	0.006384975441
5	14	280	766.6	0.0004765588107	0	0.0004765588107	1.094594148	0.005405852259
6	14	334	766.6	0.0004765588107	0	0.0004765588107	1.095742602	0.004257398471
7	14	388	766.6	0.0002693901075	0	0.0002693901075	1.09696872	0.00303127989
8	14	442	766.6	0.0002693901075	0	0.0002693901075	1.097898692	0.002101307522
9	14	496	766.6	0.0002693901075	0	0.0002693901075	1.097761538	0.002238461805
10	14	550	766.6	0.0001434868548	0	0.0001434868548	1.097351899	0.00264810141
11	14	604	766.6	0.0003697060668	0	0.0003697060668	1.096889245	0.003110754903
12	14	658	766.6	0.0003697060668	0	0.0003697060668	1.096576616	0.003423384421
13	14	712	766.6	0.0003697060668	0	0.0003697060668	1.096443451	0.00355654878
14	14	766	766.6	0.0003697060668	0	0.0003697060668	1.096497797	0.003502202823
15	14	820	766.6	0.0003697060668	0	0.0003697060668	1.096738441	0.003261558539
16	14	874	766.6	0.0002772523473	0	0.0002772523473	1.097160463	0.002839536941
17	14	928	766.6	0.0002772523473	0	0.0002772523473	1.097711266	0.002288734002
18	14	982	766.6	0.0002772523473	0	0.0002772523473	1.098376681	0.001623319432
19	14	1036	766.6	6.615962574e-05	0	6.615962574e-05	1.099046727	0.0009532728703
20	14	1090	766.6	7.440309376e-06	0	7.440309376e-06	1.099268904	0.0007310960867
0	15	10	820.5	0.0002325314166	0	0.0002325314166	1.09208413	0.007915870141
1	15	64	820.5	0.0004765588107	0	0.0004765588107	1.092188809	0.007811191344
2	15	118	820.5	0.0004765588107	0	0.0004765588107	1.092523646	0.007476354148
3	15	172	820.5	0.0004765588107	0	0.0004765588107	1.093076832	0.006923167975
4	15	226	820.5	0.0004765588107	0	0.0004765588107	1.093835589	0.006164411277
5	15	280	820.5	0.0004765588107	0	0.0004765588107	1.094782313	0.005217686641
6	15	334	820.5	0.0004765588107	0	0.0004765588107	1.095882863	0.004117136709
7	15	388	820.5	0.0002693901075	0	0.0002693901075	1.097051606	0.002948394071
8	15	442	820.5	0.0002693901075	0	0.0002693901075	1.097936612	0.002063387771
9	15	496	820.5	0.0002693901075	0	0.0002693901075	1.097822789	0.002177211328
10	15	550	820.5	0.0002760690811	0	0.0002760690811	1.097444789	0.002555210967
11	15	604	820.5	0.0002760690811	0	0.0002760690811	1.097063175	0.002936825052
12	15	658	820.5	0.0002760690811	0	0.0002760690811	1.096795508	0.003204492071
13	15	712	820.5	0.0002760690811	0	0.0002760690811	1.096682093	0.003317907438
14	15	766	820.5	0.0002760690811	0	0.0002760690811	1.096733017	0.003266982589
15	15	820	820.5	0.0002760690811	0	0.0002760690811	1.09694346	0.00305653959
16	15	874	820.5	0.0002760690811	0	0.0002760690811	1.097295149	0.002704851151
17	15	928	820.5	0.000558829773	0	0.000558829773	1.097744362	0.002255638456
18	15	982	820.5	0.000558829773	0	0.000558829773	1.098362378	0.00163762153
19	15	1036	820.5	6.615962574e-05	0	6.615962574e-05	1.099043731	0.0009562687878
20	15	1090	820.5	7.440309376e-06	0	7.440309376e-06	1.099270229	0.0007297708401
0	16	10	874.4	0.0002325314166	0	0.0002325314166	1.092356392	0.007643607924
1	16	64	874.4	0.0004765588107	0	0.0004765588107	1.092472678	0.00752732243
2	16	118	874.4	0.0004765588107	0	0.0004765588107	1.092827189	0.007172811013
3	16	172	874.4	0.0004765588107	0	0.0004765588107	1.093394566	0.006605434068
4	16	226	874.4	0.0004765588107	0	0.0004765588107	1.094163312	0.005836688349
5	16	280	874.4	0.0004765588107	0	0.0004765588107	1.095130724	0.004869275669
6	16	334	874.4	0.0004765588107	0	0.0004765588107	1.096316516	0.00368348402
7	16	388	874.4	0.0002693901075	0	0.0002693901075	1.097801443	0.00219855664
8	16	442	874.4	0.0002619497981	0	0.0002619497981	1.099753345	0.0002466553804
9	16	496	874.4	0.0002693901075	0	0.0002693901075	1.098520578	0.001479422442
10	16	550	874.4	0.0002760690811	0	0.0002760690811	1.097774682	0.002225317723
11	16	604	874.4	0.0002760690811	0	0.0002760690811	1.097291317	0.002708682569
12	16	658	874.4	0.0002760690811	0	0.0002760690811	1.097005945	0.002994054549
13	16	712	874.4	0.0002760690811	0	0.0002760690811	1.096896593	0.0031034071
14	16	766	874.4	0.0002760690811	0	0.0002760690811	1.096951594	0.003048405785
15	16	820	874.4	0.0002760690811	0	0.0002760690811	1.097160247	0.002839752804
16	16	874	874.4	0.0002760690811	0	0.0002760690811	1.097509582	0.002490417772
17	16	928	874.4	0.000558829773	0	0.000558829773	1.097983367	0.002016633417
18	16	982	874.4	0.000558829773	0	0.000558829773	1.098717973	0.001282026884
19	16	1036	874.4	5.871931636e-05	0	5.871931636e-05	1.099803416	0.0001965844525
20	16	1090	874.4	7.440309376e-06	0	7.440309376e-06	1.09962996	0.000370039959
0	17	10	928.3	7.440309376e-06	0	7.440309376e-06	1.092642741	0.007357259369
1	17	64	928.3	7.440309376e-06	0	7.440309376e-06	1.092785562	0.007214438226
2	17	118	928.3	7.440309376e-06	0	7.440309376e-06	1.093199179	0.006800821054
3	17	172	928.3	7.440309376e-06	0	7.440309376e-06	1.093798622	0.006201377645
4	17	226	928.3	7.440309376e-06	0	7.440309376e-06	1.094581558	0.005418441998
5	17	280	928.3	7.440309376e-06	0	7.440309376e-06	1.09553901	0.004460990434
6	17	334	928.3	7.440309376e-06	0	7.440309376e-06	1.096684479	0.003315521475
7	17	388	928.3	0.0002693901075	0	0.0002693901075	1.098050993	0.001949007135
8	17	442	928.3	0.0002619497981	0	0.0002619497981	1.099780778	0.0002192218714
9	17	496	928.3	0.0002693901075	0	0.0002693901075	1.09868714	0.001312859678
10	17	550	928.3	0.0002760690811	0	0.0002760690811	1.097927764	0.002072236253
11	17	604	928.3	0.0002760690811	0	0.0002760690811	1.097442994	0.00255700581
12	17	658	928.3	0.0002760690811	0	0.0002760690811	1.097174083	0.002825917422
13	17	712	928.3	0.0002760690811	0	0.0002760690811	1.097086931	0.002913068991
14	17	766	928.3	0.0002760690811	0	0.0002760690811	1.097162649	0.002837350927
15	17	820	928.3	0.0002760690811	0	0.0002760690811	1.097389678	0.002610322193
16	17	874	928.3	0.0002760690811	0	0.0002760690811	1.097761899	0.002238101159
17	17	928	928.3	0.0002795334003	0	0.0002795334003	1.098285207	0.001714792716
18	17	982	928.3	7.440309376e-06	0	7.440309376e-06	1.098996446	0.001003554144
19	17	1036	928.3	0.001418181818	0	0.001418181818	1.099805803	0.0001941968783
20	17	1090	928.3	7.440309376e-06	0	7.440309376e-06	1.09972623	0.0002737698781
0	18	10	982.2	7.440309376e-06	0	7.440309376e-06	1.09271326	0.007286739864
1	18	64	982.2	0.001425622128	0	0.001425622128	1.092683636	0.007316364444
2	18	118	982.2	7.440309376e-06	0	7.440309376e-06	1.093288474	0.006711526489
3	18	172	982.2	7.440309376e-06	0	7.440309376e-06	1.093923612	0.006076387602
4	18	226	982.2	7.440309376e-06	0	7.440309376e-06	1.094734695	0.005265305226
5	18	280	982.2	7.440309376e-06	0	7.440309376e-06	1.095661192	0.004338807506
6	18	334	982.2	7.440309376e-06	0	7.440309376e-06	1.096714985	0.003285014702
7	18	388	982.2	0.0002693901075	0	0.0002693901075	1.097961497	0.00203850333
8	18	442	982.2	0.0002619497981	0	0.0002619497981	1.099756527	0.0002434726062
9	18	496	982.2	0.0002693901075	0	0.0002693901075	1.098559763	0.00144023698
10	18	550	982.2	0.0002760690811	0	0.0002760690811	1.097885256	0.002114743793
11	18	604	982.2	0.0002760690811	0	0.0002760690811	1.097490428	0.002509572245
12	18	658	982.2	0.0002760690811	0	0.0002760690811	1.097290994	0.002709006467
13	18	712	982.2	0.0002760690811	0	0.0002760690811	1.097255415	0.002744585355
14	18	766	982.2	0.0002760690811	0	0.0002760690811	1.097369822	0.002630178119
15	18	820	982.2	0.0002760690811	0	0.0002760690811	1.097624739	0.002375260508
16	18	874	982.2	0.0002760690811	0	0.0002760690811	1.098010681	0.001989319465
17	18	928	982.2	7.440309376e-06	0	7.440309376e-06	1.098529132	0.001470868162
18	18	982	982.2	7.440309376e-06	0	7.440309376e-06	1.099128595	0.0008714049859
19	18	1036	982.2	0	0	0	1.099815173	0.0001848266986
20	18	1090	982.2	7.440309376e-06	0	7.440309376e-06	1.099705012	0.0002949876622
0	19	10	1036.1	7.440309376e-06	0	7.440309376e-06	1.092836077	0.007163922694
1	19	64	1036.1	0.001425622128	0	0.001425622128	1.09279008	0.007209920429
2	19	118	1036.1	7.440309376e-06	0	7.440309376e-06	1.093336891	0.006663109261
3	19	172	1036.1	0.001425622128	0	0.001425622128	1.093781273	0.006218726793
4	19	226	1036.1	7.440309376e-06	0	7.440309376e-06	1.094714614	0.005285385681
5	19	280	1036.1	7.440309376e-06	0	7.440309376e-06	1.095591687	0.004408312982
6	19	334	1036.1	7.440309376e-06	0	7.440309376e-06	1.09645208	0.003547919844
7	19	388	1036.1	0.0002693901075	0	0.0002693901075	1.097244922	0.002755078188
8	19	442	1036.1	0.0002693901075	0	0.0002693901075	1.097909849	0.002090151438
9	19	496	1036.1	0.0002693901075	0	0.0002693901075	1.09784614	0.002153859878
10	19	550	1036.1	0.0002760690811	0	0.0002760690811	1.097639274	0.002360725506
11	19	604	1036.1	0.0002760690811	0	0.0002760690811	1.097465436	0.002534563926
12	19	658	1036.1	0.0002760690811	0	0.0002760690811	1.097384517	0.002615482598
13	19	712	1036.1	0.0002760690811	0	0.0002760690811	1.097422076	0.002577924307
14	19	766	1036.1	0.0002760690811	0	0.0002760690811	1.097589905	0.00241009456
15	19	820	1036.1	0.0002760690811	0	0.0002760690811	1.097887463	0.002112537326
16	19	874	1036.1	0.0002760690811	0	0.0002760690811	1.098284812	0.001715188061
17	19	928	1036.1	0.001425622128	0	0.001425622128	1.098653331	0.001346668702
18	19	982	1036.1	7.440309376e-06	0	7.440309376e-06	1.099131529	0.0008684705215
19	19	1036	1036.1	0.001425622128	0	0.001425622128	1.099284903	0.0007150966349
20	19	1090	1036.1	7.440309376e-06	0	7.440309376e-06	1.099518747	0.0004812529154
0	20	10	1090	7.440309376e-06	0	7.440309376e-06	1.09303665	0.006963350106
1	20	64	1090	7.440309376e-06	0	7.440309376e-06	1.093169659	0.006830341158
2	20	118	1090	7.440309376e-06	0	7.440309376e-06	1.093550805	0.0064491951
3	20	172	1090	7.440309376e-06	0	7.440309376e-06	1.094073541	0.005926459459
4	20	226	1090	7.440309376e-06	0	7.440309376e-06	1.094788259	0.005211741388
5	20	280	1090	7.440309376e-06	0	7.440309376e-06	1.095554352	0.004445648314
6	20	334	1090	7.440309376e-06	0	7.440309376e-06	1.096300443	0.003699556792
7	20	388	1090	7.440309376e-06	0	7.440309376e-06	1.09695302	0.003046979919
8	20	442	1090	7.440309376e-06	0	7.440309376e-06	1.097421871	0.002578129003
9	20	496	1090	7.440309376e-06	0	7.440309376e-06	1.09758089	0.002419110233
10	20	550	1090	7.440309376e-06	0	7.440309376e-06	1.097573323	0.002426676585
11	20	604	1090	7.440309376e-06	0	7.440309376e-06	1.097527351	0.002472648711
12	20	658	1090	7.440309376e-06	0	7.440309376e-06	1.097525211	0.002474789391
13	20	712	1090	7.440309376e-06	0	7.440309376e-06	1.097617567	0.002382432554
14	20	766	1090	7.440309376e-06	0	7.440309376e-06	1.097839665	0.002160334508
15	20	820	1090	7.440309376e-06	0	7.440309376e-06	1.098226407	0.001773592594
16	20	874	1090	7.440309376e-06	0	7.440309376e-06	1.098835152	0.001164847676
17	20	928	1090	0	0	0	1.099801859	0.0001981406193
18	20	982	1090	7.440309376e-06	0	7.440309376e-06	1.099645752	0.000354247996
19	20	1036	1090	0	0	0	1.099824378	0.0001756224398
20	20	1090	1090	7.440309376e-06	0	7.440309376e-06	1.099702309	0.0002976909825
