instance	fp_region	pin_x_um	pin_y_um	imax_A	vpin_est_V
gen_tiles\[0\].i_tile/i_tile/gen_caches\[0\].i_snitch_icache/i_lookup/i_data/genblk1.fr_sp_instance3	gen_tiles\[0\].i_tile/i_tile/gen_caches\[0\].i_snitch_icache/i_lookup/i_data/genblk1.fr_sp_instance0||gen_tiles\[0\].i_tile/i_tile/gen_caches\[0\].i_snitch_icache/i_lookup/i_data/genblk1.fr_sp_instance1||gen_tiles\[0\].i_tile/i_tile/gen_caches\[0\].i_snitch_icache/i_lookup/i_data/genblk1.fr_sp_instance2||gen_tiles\[0\].i_tile/i_tile/gen_caches\[0\].i_snitch_icache/i_lookup/i_data/genblk1.fr_sp_instance3	157.23	220.415	0.00168182	1.09837
gen_tiles\[0\].i_tile/i_tile/gen_caches\[0\].i_snitch_icache/i_lookup/i_data/genblk1.fr_sp_instance2	gen_tiles\[0\].i_tile/i_tile/gen_caches\[0\].i_snitch_icache/i_lookup/i_data/genblk1.fr_sp_instance0||gen_tiles\[0\].i_tile/i_tile/gen_caches\[0\].i_snitch_icache/i_lookup/i_data/genblk1.fr_sp_instance1||gen_tiles\[0\].i_tile/i_tile/gen_caches\[0\].i_snitch_icache/i_lookup/i_data/genblk1.fr_sp_instance2||gen_tiles\[0\].i_tile/i_tile/gen_caches\[0\].i_snitch_icache/i_lookup/i_data/genblk1.fr_sp_instance3	59.33	220.415	0.00168182	1.09939
gen_tiles\[0\].i_tile/i_tile/gen_caches\[0\].i_snitch_icache/i_lookup/i_data/genblk1.fr_sp_instance1	gen_tiles\[0\].i_tile/i_tile/gen_caches\[0\].i_snitch_icache/i_lookup/i_data/genblk1.fr_sp_instance0||gen_tiles\[0\].i_tile/i_tile/gen_caches\[0\].i_snitch_icache/i_lookup/i_data/genblk1.fr_sp_instance1||gen_tiles\[0\].i_tile/i_tile/gen_caches\[0\].i_snitch_icache/i_lookup/i_data/genblk1.fr_sp_instance2||gen_tiles\[0\].i_tile/i_tile/gen_caches\[0\].i_snitch_icache/i_lookup/i_data/genblk1.fr_sp_instance3	59.33	138.235	0.00168182	1.09964
gen_tiles\[0\].i_tile/i_tile/gen_caches\[0\].i_snitch_icache/i_lookup/i_data/genblk1.fr_sp_instance0	gen_tiles\[0\].i_tile/i_tile/gen_caches\[0\].i_snitch_icache/i_lookup/i_data/genblk1.fr_sp_instance0||gen_tiles\[0\].i_tile/i_tile/gen_caches\[0\].i_snitch_icache/i_lookup/i_data/genblk1.fr_sp_instance1||gen_tiles\[0\].i_tile/i_tile/gen_caches\[0\].i_snitch_icache/i_lookup/i_data/genblk1.fr_sp_instance2||gen_tiles\[0\].i_tile/i_tile/gen_caches\[0\].i_snitch_icache/i_lookup/i_data/genblk1.fr_sp_instance3	157.23	138.235	0.00168182	1.09903
gen_tiles\[0\].i_tile/i_tile/gen_banks\[4\].mem_bank/genblk1.sram_instance	gen_tiles\[0\].i_tile/i_tile/gen_banks\[4\].mem_bank/genblk1.sram_instance	60.09	54.915	0.00141818	1.0999
gen_tiles\[0\].i_tile/i_tile/gen_banks\[9\].mem_bank/genblk1.sram_instance	gen_tiles\[0\].i_tile/i_tile/gen_banks\[9\].mem_bank/genblk1.sram_instance	941.16	139.335	0.00141818	1.09936
gen_tiles\[0\].i_tile/i_tile/gen_banks\[8\].mem_bank/genblk1.sram_instance	gen_tiles\[0\].i_tile/i_tile/gen_banks\[8\].mem_bank/genblk1.sram_instance	941.16	1047.03	0.00141818	1.09996
gen_tiles\[0\].i_tile/i_tile/gen_banks\[7\].mem_bank/genblk1.sram_instance	gen_tiles\[0\].i_tile/i_tile/gen_banks\[7\].mem_bank/genblk1.sram_instance	60.09	303.695	0.00141818	1.09911
gen_tiles\[0\].i_tile/i_tile/gen_banks\[6\].mem_bank/genblk1.sram_instance	gen_tiles\[0\].i_tile/i_tile/gen_banks\[6\].mem_bank/genblk1.sram_instance	1039.82	1047.03	0.00141818	1.09995
gen_tiles\[0\].i_tile/i_tile/gen_banks\[5\].mem_bank/genblk1.sram_instance	gen_tiles\[0\].i_tile/i_tile/gen_banks\[5\].mem_bank/genblk1.sram_instance	60.09	1047.03	0.00141818	1.09999
gen_tiles\[0\].i_tile/i_tile/gen_banks\[0\].mem_bank/genblk1.sram_instance	gen_tiles\[0\].i_tile/i_tile/gen_banks\[0\].mem_bank/genblk1.sram_instance	257.41	54.915	0.00141818	1.09966
gen_tiles\[0\].i_tile/i_tile/gen_banks\[3\].mem_bank/genblk1.sram_instance	gen_tiles\[0\].i_tile/i_tile/gen_banks\[3\].mem_bank/genblk1.sram_instance	1039.82	308.035	0.00141818	1.09935
gen_tiles\[0\].i_tile/i_tile/gen_banks\[2\].mem_bank/genblk1.sram_instance	gen_tiles\[0\].i_tile/i_tile/gen_banks\[2\].mem_bank/genblk1.sram_instance	158.75	1047.03	0.00141818	1.09996
gen_tiles\[0\].i_tile/i_tile/gen_banks\[1\].mem_bank/genblk1.sram_instance	gen_tiles\[0\].i_tile/i_tile/gen_banks\[1\].mem_bank/genblk1.sram_instance	60.09	962.605	0.00141818	1.09957
gen_tiles\[0\].i_tile/i_tile/gen_banks\[15\].mem_bank/genblk1.sram_instance	gen_tiles\[0\].i_tile/i_tile/gen_banks\[15\].mem_bank/genblk1.sram_instance	1039.82	139.335	0.00141818	1.09966
gen_tiles\[0\].i_tile/i_tile/gen_banks\[14\].mem_bank/genblk1.sram_instance	gen_tiles\[0\].i_tile/i_tile/gen_banks\[14\].mem_bank/genblk1.sram_instance	1039.82	54.915	0.00141818	1.09987
gen_tiles\[0\].i_tile/i_tile/gen_banks\[13\].mem_bank/genblk1.sram_instance	gen_tiles\[0\].i_tile/i_tile/gen_banks\[13\].mem_bank/genblk1.sram_instance	1039.82	951.685	0.00141818	1.09959
gen_tiles\[0\].i_tile/i_tile/gen_banks\[12\].mem_bank/genblk1.sram_instance	gen_tiles\[0\].i_tile/i_tile/gen_banks\[12\].mem_bank/genblk1.sram_instance	941.16	54.915	0.00141818	1.0998
gen_tiles\[0\].i_tile/i_tile/gen_banks\[11\].mem_bank/genblk1.sram_instance	gen_tiles\[0\].i_tile/i_tile/gen_banks\[11\].mem_bank/genblk1.sram_instance	1039.82	223.615	0.00141818	1.09948
gen_tiles\[0\].i_tile/i_tile/gen_banks\[10\].mem_bank/genblk1.sram_instance	gen_tiles\[0\].i_tile/i_tile/gen_banks\[10\].mem_bank/genblk1.sram_instance	158.75	54.915	0.00141818	1.09973
