instance	fp_region	pg_pin_name	pin_x_um	pin_y_um	imax_A	vpin_est_V
gen_tiles\[0\].i_tile/i_tile/gen_caches\[0\].i_snitch_icache/i_lookup/i_data/genblk1.fr_sp_instance3	gen_tiles\[0\].i_tile/i_tile/gen_caches\[0\].i_snitch_icache/i_lookup/i_data/genblk1.fr_sp_instance0||gen_tiles\[0\].i_tile/i_tile/gen_caches\[0\].i_snitch_icache/i_lookup/i_data/genblk1.fr_sp_instance1||gen_tiles\[0\].i_tile/i_tile/gen_caches\[0\].i_snitch_icache/i_lookup/i_data/genblk1.fr_sp_instance2||gen_tiles\[0\].i_tile/i_tile/gen_caches\[0\].i_snitch_icache/i_lookup/i_data/genblk1.fr_sp_instance3	VDD	157	220	0.000840909	1.09806
gen_tiles\[0\].i_tile/i_tile/gen_caches\[0\].i_snitch_icache/i_lookup/i_data/genblk1.fr_sp_instance3	gen_tiles\[0\].i_tile/i_tile/gen_caches\[0\].i_snitch_icache/i_lookup/i_data/genblk1.fr_sp_instance0||gen_tiles\[0\].i_tile/i_tile/gen_caches\[0\].i_snitch_icache/i_lookup/i_data/genblk1.fr_sp_instance1||gen_tiles\[0\].i_tile/i_tile/gen_caches\[0\].i_snitch_icache/i_lookup/i_data/genblk1.fr_sp_instance2||gen_tiles\[0\].i_tile/i_tile/gen_caches\[0\].i_snitch_icache/i_lookup/i_data/genblk1.fr_sp_instance3	VSS	157	220	0.000840909	1.09806
gen_tiles\[0\].i_tile/i_tile/gen_caches\[0\].i_snitch_icache/i_lookup/i_data/genblk1.fr_sp_instance2	gen_tiles\[0\].i_tile/i_tile/gen_caches\[0\].i_snitch_icache/i_lookup/i_data/genblk1.fr_sp_instance0||gen_tiles\[0\].i_tile/i_tile/gen_caches\[0\].i_snitch_icache/i_lookup/i_data/genblk1.fr_sp_instance1||gen_tiles\[0\].i_tile/i_tile/gen_caches\[0\].i_snitch_icache/i_lookup/i_data/genblk1.fr_sp_instance2||gen_tiles\[0\].i_tile/i_tile/gen_caches\[0\].i_snitch_icache/i_lookup/i_data/genblk1.fr_sp_instance3	VDD	59	220	0.000840909	1.09954
gen_tiles\[0\].i_tile/i_tile/gen_caches\[0\].i_snitch_icache/i_lookup/i_data/genblk1.fr_sp_instance2	gen_tiles\[0\].i_tile/i_tile/gen_caches\[0\].i_snitch_icache/i_lookup/i_data/genblk1.fr_sp_instance0||gen_tiles\[0\].i_tile/i_tile/gen_caches\[0\].i_snitch_icache/i_lookup/i_data/genblk1.fr_sp_instance1||gen_tiles\[0\].i_tile/i_tile/gen_caches\[0\].i_snitch_icache/i_lookup/i_data/genblk1.fr_sp_instance2||gen_tiles\[0\].i_tile/i_tile/gen_caches\[0\].i_snitch_icache/i_lookup/i_data/genblk1.fr_sp_instance3	VSS	59	220	0.000840909	1.09954
gen_tiles\[0\].i_tile/i_tile/gen_caches\[0\].i_snitch_icache/i_lookup/i_data/genblk1.fr_sp_instance1	gen_tiles\[0\].i_tile/i_tile/gen_caches\[0\].i_snitch_icache/i_lookup/i_data/genblk1.fr_sp_instance0||gen_tiles\[0\].i_tile/i_tile/gen_caches\[0\].i_snitch_icache/i_lookup/i_data/genblk1.fr_sp_instance1||gen_tiles\[0\].i_tile/i_tile/gen_caches\[0\].i_snitch_icache/i_lookup/i_data/genblk1.fr_sp_instance2||gen_tiles\[0\].i_tile/i_tile/gen_caches\[0\].i_snitch_icache/i_lookup/i_data/genblk1.fr_sp_instance3	VDD	59	138	0.000840909	1.09946
gen_tiles\[0\].i_tile/i_tile/gen_caches\[0\].i_snitch_icache/i_lookup/i_data/genblk1.fr_sp_instance1	gen_tiles\[0\].i_tile/i_tile/gen_caches\[0\].i_snitch_icache/i_lookup/i_data/genblk1.fr_sp_instance0||gen_tiles\[0\].i_tile/i_tile/gen_caches\[0\].i_snitch_icache/i_lookup/i_data/genblk1.fr_sp_instance1||gen_tiles\[0\].i_tile/i_tile/gen_caches\[0\].i_snitch_icache/i_lookup/i_data/genblk1.fr_sp_instance2||gen_tiles\[0\].i_tile/i_tile/gen_caches\[0\].i_snitch_icache/i_lookup/i_data/genblk1.fr_sp_instance3	VSS	59	138	0.000840909	1.09946
gen_tiles\[0\].i_tile/i_tile/gen_caches\[0\].i_snitch_icache/i_lookup/i_data/genblk1.fr_sp_instance0	gen_tiles\[0\].i_tile/i_tile/gen_caches\[0\].i_snitch_icache/i_lookup/i_data/genblk1.fr_sp_instance0||gen_tiles\[0\].i_tile/i_tile/gen_caches\[0\].i_snitch_icache/i_lookup/i_data/genblk1.fr_sp_instance1||gen_tiles\[0\].i_tile/i_tile/gen_caches\[0\].i_snitch_icache/i_lookup/i_data/genblk1.fr_sp_instance2||gen_tiles\[0\].i_tile/i_tile/gen_caches\[0\].i_snitch_icache/i_lookup/i_data/genblk1.fr_sp_instance3	VDD	157	138	0.000840909	1.09761
gen_tiles\[0\].i_tile/i_tile/gen_caches\[0\].i_snitch_icache/i_lookup/i_data/genblk1.fr_sp_instance0	gen_tiles\[0\].i_tile/i_tile/gen_caches\[0\].i_snitch_icache/i_lookup/i_data/genblk1.fr_sp_instance0||gen_tiles\[0\].i_tile/i_tile/gen_caches\[0\].i_snitch_icache/i_lookup/i_data/genblk1.fr_sp_instance1||gen_tiles\[0\].i_tile/i_tile/gen_caches\[0\].i_snitch_icache/i_lookup/i_data/genblk1.fr_sp_instance2||gen_tiles\[0\].i_tile/i_tile/gen_caches\[0\].i_snitch_icache/i_lookup/i_data/genblk1.fr_sp_instance3	VSS	157	138	0.000840909	1.09761
gen_tiles\[0\].i_tile/i_tile/gen_banks\[4\].mem_bank/genblk1.sram_instance	gen_tiles\[0\].i_tile/i_tile/gen_banks\[4\].mem_bank/genblk1.sram_instance	VDD	60	54	0.000709091	1.09948
gen_tiles\[0\].i_tile/i_tile/gen_banks\[4\].mem_bank/genblk1.sram_instance	gen_tiles\[0\].i_tile/i_tile/gen_banks\[4\].mem_bank/genblk1.sram_instance	VSS	60	54	0.000709091	1.09948
gen_tiles\[0\].i_tile/i_tile/gen_banks\[5\].mem_bank/genblk1.sram_instance	gen_tiles\[0\].i_tile/i_tile/gen_banks\[5\].mem_bank/genblk1.sram_instance	VSS	60	1047	0.000709091	1.09949
gen_tiles\[0\].i_tile/i_tile/gen_banks\[5\].mem_bank/genblk1.sram_instance	gen_tiles\[0\].i_tile/i_tile/gen_banks\[5\].mem_bank/genblk1.sram_instance	VDD	60	1047	0.000709091	1.09949
gen_tiles\[0\].i_tile/i_tile/gen_banks\[6\].mem_bank/genblk1.sram_instance	gen_tiles\[0\].i_tile/i_tile/gen_banks\[6\].mem_bank/genblk1.sram_instance	VSS	1039	1047	0.000709091	1.09908
gen_tiles\[0\].i_tile/i_tile/gen_banks\[6\].mem_bank/genblk1.sram_instance	gen_tiles\[0\].i_tile/i_tile/gen_banks\[6\].mem_bank/genblk1.sram_instance	VDD	1039	1047	0.000709091	1.09908
gen_tiles\[0\].i_tile/i_tile/gen_banks\[7\].mem_bank/genblk1.sram_instance	gen_tiles\[0\].i_tile/i_tile/gen_banks\[7\].mem_bank/genblk1.sram_instance	VSS	60	303	0.000709091	1.09955
gen_tiles\[0\].i_tile/i_tile/gen_banks\[7\].mem_bank/genblk1.sram_instance	gen_tiles\[0\].i_tile/i_tile/gen_banks\[7\].mem_bank/genblk1.sram_instance	VDD	60	303	0.000709091	1.09955
gen_tiles\[0\].i_tile/i_tile/gen_banks\[8\].mem_bank/genblk1.sram_instance	gen_tiles\[0\].i_tile/i_tile/gen_banks\[8\].mem_bank/genblk1.sram_instance	VSS	941	1047	0.000709091	1.0966
gen_tiles\[0\].i_tile/i_tile/gen_banks\[8\].mem_bank/genblk1.sram_instance	gen_tiles\[0\].i_tile/i_tile/gen_banks\[8\].mem_bank/genblk1.sram_instance	VDD	941	1047	0.000709091	1.0966
gen_tiles\[0\].i_tile/i_tile/gen_banks\[9\].mem_bank/genblk1.sram_instance	gen_tiles\[0\].i_tile/i_tile/gen_banks\[9\].mem_bank/genblk1.sram_instance	VSS	941	139	0.000709091	1.09682
gen_tiles\[0\].i_tile/i_tile/gen_banks\[9\].mem_bank/genblk1.sram_instance	gen_tiles\[0\].i_tile/i_tile/gen_banks\[9\].mem_bank/genblk1.sram_instance	VDD	941	139	0.000709091	1.09682
gen_tiles\[0\].i_tile/i_tile/gen_banks\[14\].mem_bank/genblk1.sram_instance	gen_tiles\[0\].i_tile/i_tile/gen_banks\[14\].mem_bank/genblk1.sram_instance	VSS	1039	54	0.000709091	1.09906
gen_tiles\[0\].i_tile/i_tile/gen_banks\[0\].mem_bank/genblk1.sram_instance	gen_tiles\[0\].i_tile/i_tile/gen_banks\[0\].mem_bank/genblk1.sram_instance	VDD	257	54	0.000709091	1.09582
gen_tiles\[0\].i_tile/i_tile/gen_banks\[10\].mem_bank/genblk1.sram_instance	gen_tiles\[0\].i_tile/i_tile/gen_banks\[10\].mem_bank/genblk1.sram_instance	VSS	158	54	0.000709091	1.09758
gen_tiles\[0\].i_tile/i_tile/gen_banks\[10\].mem_bank/genblk1.sram_instance	gen_tiles\[0\].i_tile/i_tile/gen_banks\[10\].mem_bank/genblk1.sram_instance	VDD	158	54	0.000709091	1.09758
gen_tiles\[0\].i_tile/i_tile/gen_banks\[11\].mem_bank/genblk1.sram_instance	gen_tiles\[0\].i_tile/i_tile/gen_banks\[11\].mem_bank/genblk1.sram_instance	VSS	1039	223	0.000709091	1.09931
gen_tiles\[0\].i_tile/i_tile/gen_banks\[11\].mem_bank/genblk1.sram_instance	gen_tiles\[0\].i_tile/i_tile/gen_banks\[11\].mem_bank/genblk1.sram_instance	VDD	1039	223	0.000709091	1.09931
gen_tiles\[0\].i_tile/i_tile/gen_banks\[12\].mem_bank/genblk1.sram_instance	gen_tiles\[0\].i_tile/i_tile/gen_banks\[12\].mem_bank/genblk1.sram_instance	VSS	941	54	0.000709091	1.09661
gen_tiles\[0\].i_tile/i_tile/gen_banks\[12\].mem_bank/genblk1.sram_instance	gen_tiles\[0\].i_tile/i_tile/gen_banks\[12\].mem_bank/genblk1.sram_instance	VDD	941	54	0.000709091	1.09661
gen_tiles\[0\].i_tile/i_tile/gen_banks\[13\].mem_bank/genblk1.sram_instance	gen_tiles\[0\].i_tile/i_tile/gen_banks\[13\].mem_bank/genblk1.sram_instance	VSS	1039	951	0.000709091	1.09874
gen_tiles\[0\].i_tile/i_tile/gen_banks\[13\].mem_bank/genblk1.sram_instance	gen_tiles\[0\].i_tile/i_tile/gen_banks\[13\].mem_bank/genblk1.sram_instance	VDD	1039	951	0.000709091	1.09874
gen_tiles\[0\].i_tile/i_tile/gen_banks\[0\].mem_bank/genblk1.sram_instance	gen_tiles\[0\].i_tile/i_tile/gen_banks\[0\].mem_bank/genblk1.sram_instance	VSS	257	54	0.000709091	1.09582
gen_tiles\[0\].i_tile/i_tile/gen_banks\[14\].mem_bank/genblk1.sram_instance	gen_tiles\[0\].i_tile/i_tile/gen_banks\[14\].mem_bank/genblk1.sram_instance	VDD	1039	54	0.000709091	1.09906
gen_tiles\[0\].i_tile/i_tile/gen_banks\[15\].mem_bank/genblk1.sram_instance	gen_tiles\[0\].i_tile/i_tile/gen_banks\[15\].mem_bank/genblk1.sram_instance	VSS	1039	139	0.000709091	1.09909
gen_tiles\[0\].i_tile/i_tile/gen_banks\[15\].mem_bank/genblk1.sram_instance	gen_tiles\[0\].i_tile/i_tile/gen_banks\[15\].mem_bank/genblk1.sram_instance	VDD	1039	139	0.000709091	1.09909
gen_tiles\[0\].i_tile/i_tile/gen_banks\[1\].mem_bank/genblk1.sram_instance	gen_tiles\[0\].i_tile/i_tile/gen_banks\[1\].mem_bank/genblk1.sram_instance	VSS	60	962	0.000709091	1.09931
gen_tiles\[0\].i_tile/i_tile/gen_banks\[1\].mem_bank/genblk1.sram_instance	gen_tiles\[0\].i_tile/i_tile/gen_banks\[1\].mem_bank/genblk1.sram_instance	VDD	60	962	0.000709091	1.09931
gen_tiles\[0\].i_tile/i_tile/gen_banks\[2\].mem_bank/genblk1.sram_instance	gen_tiles\[0\].i_tile/i_tile/gen_banks\[2\].mem_bank/genblk1.sram_instance	VSS	158	1047	0.000709091	1.09751
gen_tiles\[0\].i_tile/i_tile/gen_banks\[2\].mem_bank/genblk1.sram_instance	gen_tiles\[0\].i_tile/i_tile/gen_banks\[2\].mem_bank/genblk1.sram_instance	VDD	158	1047	0.000709091	1.09751
gen_tiles\[0\].i_tile/i_tile/gen_banks\[3\].mem_bank/genblk1.sram_instance	gen_tiles\[0\].i_tile/i_tile/gen_banks\[3\].mem_bank/genblk1.sram_instance	VSS	1039	308	0.000709091	1.09936
gen_tiles\[0\].i_tile/i_tile/gen_banks\[3\].mem_bank/genblk1.sram_instance	gen_tiles\[0\].i_tile/i_tile/gen_banks\[3\].mem_bank/genblk1.sram_instance	VDD	1039	308	0.000709091	1.09936
