kind	layer	xlo_um	ylo_um	xhi_um	yhi_um
STRIPE	metal6	194.505	195.85	195.435	246.78
STRIPE	metal6	184.505	195.85	185.435	246.78
STRIPE	metal6	174.505	195.85	175.435	246.78
STRIPE	metal6	164.505	195.85	165.435	246.78
STRIPE	metal6	154.505	195.85	155.435	246.78
STRIPE	metal6	144.505	195.85	145.435	246.78
STRIPE	metal6	134.505	195.85	135.435	246.78
STRIPE	metal6	124.505	195.85	125.435	246.78
STRIPE	metal5	123.49	245.85	195.435	246.78
STRIPE	metal5	123.49	235.85	195.435	236.78
STRIPE	metal5	123.49	225.85	195.435	226.78
STRIPE	metal5	123.49	215.85	195.435	216.78
STRIPE	metal5	123.49	205.85	195.435	206.78
STRIPE	metal5	123.49	195.85	195.435	196.78
STRIPE	metal6	96.605	195.85	97.535	246.78
STRIPE	metal6	86.605	195.85	87.535	246.78
STRIPE	metal6	76.605	195.85	77.535	246.78
STRIPE	metal6	66.605	195.85	67.535	246.78
STRIPE	metal6	56.605	195.85	57.535	246.78
STRIPE	metal6	46.605	195.85	47.535	246.78
STRIPE	metal6	36.605	195.85	37.535	246.78
STRIPE	metal6	26.605	195.85	27.535	246.78
STRIPE	metal5	25.59	245.85	97.535	246.78
STRIPE	metal5	25.59	235.85	97.535	236.78
STRIPE	metal5	25.59	225.85	97.535	226.78
STRIPE	metal5	25.59	215.85	97.535	216.78
STRIPE	metal5	25.59	205.85	97.535	206.78
STRIPE	metal5	25.59	195.85	97.535	196.78
STRIPE	metal6	96.605	113.67	97.535	164.6
STRIPE	metal6	86.605	113.67	87.535	164.6
STRIPE	metal6	76.605	113.67	77.535	164.6
STRIPE	metal6	66.605	113.67	67.535	164.6
STRIPE	metal6	56.605	113.67	57.535	164.6
STRIPE	metal6	46.605	113.67	47.535	164.6
STRIPE	metal6	36.605	113.67	37.535	164.6
STRIPE	metal6	26.605	113.67	27.535	164.6
STRIPE	metal5	25.59	163.67	97.535	164.6
STRIPE	metal5	25.59	153.67	97.535	154.6
STRIPE	metal5	25.59	143.67	97.535	144.6
STRIPE	metal5	25.59	133.67	97.535	134.6
STRIPE	metal5	25.59	123.67	97.535	124.6
STRIPE	metal5	25.59	113.67	97.535	114.6
STRIPE	metal6	194.505	113.67	195.435	164.6
STRIPE	metal6	184.505	113.67	185.435	164.6
STRIPE	metal6	174.505	113.67	175.435	164.6
STRIPE	metal6	164.505	113.67	165.435	164.6
STRIPE	metal6	154.505	113.67	155.435	164.6
STRIPE	metal6	144.505	113.67	145.435	164.6
STRIPE	metal6	134.505	113.67	135.435	164.6
STRIPE	metal6	124.505	113.67	125.435	164.6
STRIPE	metal5	123.49	163.67	195.435	164.6
STRIPE	metal5	123.49	153.67	195.435	154.6
STRIPE	metal5	123.49	143.67	195.435	144.6
STRIPE	metal5	123.49	133.67	195.435	134.6
STRIPE	metal5	123.49	123.67	195.435	124.6
STRIPE	metal5	123.49	113.67	195.435	114.6
STRIPE	metal6	979.055	113.67	979.985	164.6
STRIPE	metal6	969.055	113.67	969.985	164.6
STRIPE	metal6	959.055	113.67	959.985	164.6
STRIPE	metal6	949.055	113.67	949.985	164.6
STRIPE	metal6	939.055	113.67	939.985	164.6
STRIPE	metal6	929.055	113.67	929.985	164.6
STRIPE	metal6	919.055	113.67	919.985	164.6
STRIPE	metal6	909.055	113.67	909.985	164.6
STRIPE	metal5	907.42	163.67	979.985	164.6
STRIPE	metal5	907.42	153.67	979.985	154.6
STRIPE	metal5	907.42	143.67	979.985	144.6
STRIPE	metal5	907.42	133.67	979.985	134.6
STRIPE	metal5	907.42	123.67	979.985	124.6
STRIPE	metal5	907.42	113.67	979.985	114.6
STRIPE	metal6	979.055	1018.9	979.985	1080.3
STRIPE	metal6	969.055	1018.9	969.985	1080.3
STRIPE	metal6	959.055	1018.9	959.985	1080.3
STRIPE	metal6	949.055	1018.9	949.985	1080.3
STRIPE	metal6	939.055	1018.9	939.985	1080.3
STRIPE	metal6	929.055	1018.9	929.985	1080.3
STRIPE	metal6	919.055	1018.9	919.985	1080.3
STRIPE	metal6	909.055	1018.9	909.985	1080.3
STRIPE	metal5	907.42	1071.36	979.985	1072.29
STRIPE	metal5	907.42	1061.36	979.985	1062.29
STRIPE	metal5	907.42	1051.36	979.985	1052.29
STRIPE	metal5	907.42	1041.36	979.985	1042.29
STRIPE	metal5	907.42	1031.36	979.985	1032.29
STRIPE	metal5	907.42	1021.36	979.985	1022.29
STRIPE	metal6	96.605	278.03	97.535	330.3
STRIPE	metal6	86.605	278.03	87.535	330.3
STRIPE	metal6	76.605	278.03	77.535	330.3
STRIPE	metal6	66.605	278.03	67.535	330.3
STRIPE	metal6	56.605	278.03	57.535	330.3
STRIPE	metal6	46.605	278.03	47.535	330.3
STRIPE	metal6	36.605	278.03	37.535	330.3
STRIPE	metal6	26.605	278.03	27.535	330.3
STRIPE	metal5	26.35	328.03	97.535	328.96
STRIPE	metal5	26.35	318.03	97.535	318.96
STRIPE	metal5	26.35	308.03	97.535	308.96
STRIPE	metal5	26.35	298.03	97.535	298.96
STRIPE	metal5	26.35	288.03	97.535	288.96
STRIPE	metal5	26.35	278.03	97.535	278.96
STRIPE	metal6	1077.71	1018.9	1078.64	1080.3
STRIPE	metal6	1067.71	1018.9	1068.64	1080.3
STRIPE	metal6	1057.71	1018.9	1058.64	1080.3
STRIPE	metal6	1047.71	1018.9	1048.64	1080.3
STRIPE	metal6	1037.71	1018.9	1038.64	1080.3
STRIPE	metal6	1027.71	1018.9	1028.64	1080.3
STRIPE	metal6	1017.72	1018.9	1018.64	1080.3
STRIPE	metal6	1007.72	1018.9	1008.64	1080.3
STRIPE	metal5	1006.08	1071.36	1078.64	1072.29
STRIPE	metal5	1006.08	1061.36	1078.64	1062.29
STRIPE	metal5	1006.08	1051.36	1078.64	1052.29
STRIPE	metal5	1006.08	1041.36	1078.64	1042.29
STRIPE	metal5	1006.08	1031.36	1078.64	1032.29
STRIPE	metal5	1006.08	1021.36	1078.64	1022.29
STRIPE	metal6	96.605	1018.9	97.535	1080.3
STRIPE	metal6	86.605	1018.9	87.535	1080.3
STRIPE	metal6	76.605	1018.9	77.535	1080.3
STRIPE	metal6	66.605	1018.9	67.535	1080.3
STRIPE	metal6	56.605	1018.9	57.535	1080.3
STRIPE	metal6	46.605	1018.9	47.535	1080.3
STRIPE	metal6	36.605	1018.9	37.535	1080.3
STRIPE	metal6	26.605	1018.9	27.535	1080.3
STRIPE	metal5	26.35	1071.36	97.535	1072.29
STRIPE	metal5	26.35	1061.36	97.535	1062.29
STRIPE	metal5	26.35	1051.36	97.535	1052.29
STRIPE	metal5	26.35	1041.36	97.535	1042.29
STRIPE	metal5	26.35	1031.36	97.535	1032.29
STRIPE	metal5	26.35	1021.36	97.535	1022.29
STRIPE	metal6	96.605	28.9	97.535	80.18
STRIPE	metal6	86.605	28.9	87.535	80.18
STRIPE	metal6	76.605	28.9	77.535	80.18
STRIPE	metal6	66.605	28.9	67.535	80.18
STRIPE	metal6	56.605	28.9	57.535	80.18
STRIPE	metal6	46.605	28.9	47.535	80.18
STRIPE	metal6	36.605	28.9	37.535	80.18
STRIPE	metal6	26.605	28.9	27.535	80.18
STRIPE	metal5	26.35	79.25	97.535	80.18
STRIPE	metal5	26.35	69.25	97.535	70.18
STRIPE	metal5	26.35	59.25	97.535	60.18
STRIPE	metal5	26.35	49.25	97.535	50.18
STRIPE	metal5	26.35	39.25	97.535	40.18
STRIPE	metal5	26.35	29.25	97.535	30.18
STRIPE	metal6	1077.71	282.37	1078.64	333.3
STRIPE	metal6	1067.71	282.37	1068.64	333.3
STRIPE	metal6	1057.71	282.37	1058.64	333.3
STRIPE	metal6	1047.71	282.37	1048.64	333.3
STRIPE	metal6	1037.71	282.37	1038.64	333.3
STRIPE	metal6	1027.71	282.37	1028.64	333.3
STRIPE	metal6	1017.72	282.37	1018.64	333.3
STRIPE	metal6	1007.72	282.37	1008.64	333.3
STRIPE	metal5	1006.08	332.37	1078.64	333.3
STRIPE	metal5	1006.08	322.37	1078.64	323.3
STRIPE	metal5	1006.08	312.37	1078.64	313.3
STRIPE	metal5	1006.08	302.37	1078.64	303.3
STRIPE	metal5	1006.08	292.37	1078.64	293.3
STRIPE	metal5	1006.08	282.37	1078.64	283.3
STRIPE	metal6	195.265	1018.9	196.195	1080.3
STRIPE	metal6	185.265	1018.9	186.195	1080.3
STRIPE	metal6	175.265	1018.9	176.195	1080.3
STRIPE	metal6	165.265	1018.9	166.195	1080.3
STRIPE	metal6	155.265	1018.9	156.195	1080.3
STRIPE	metal6	145.265	1018.9	146.195	1080.3
STRIPE	metal6	135.265	1018.9	136.195	1080.3
STRIPE	metal6	125.265	1018.9	126.195	1080.3
STRIPE	metal5	125.01	1071.36	196.195	1072.29
STRIPE	metal5	125.01	1061.36	196.195	1062.29
STRIPE	metal5	125.01	1051.36	196.195	1052.29
STRIPE	metal5	125.01	1041.36	196.195	1042.29
STRIPE	metal5	125.01	1031.36	196.195	1032.29
STRIPE	metal5	125.01	1021.36	196.195	1022.29
STRIPE	metal6	96.605	936.94	97.535	990.3
STRIPE	metal6	86.605	936.94	87.535	990.3
STRIPE	metal6	76.605	936.94	77.535	990.3
STRIPE	metal6	66.605	936.94	67.535	990.3
STRIPE	metal6	56.605	936.94	57.535	990.3
STRIPE	metal6	46.605	936.94	47.535	990.3
STRIPE	metal6	36.605	936.94	37.535	990.3
STRIPE	metal6	26.605	936.94	27.535	990.3
STRIPE	metal5	26.35	986.94	97.535	987.87
STRIPE	metal5	26.35	976.94	97.535	977.87
STRIPE	metal5	26.35	966.94	97.535	967.87
STRIPE	metal5	26.35	956.94	97.535	957.87
STRIPE	metal5	26.35	946.94	97.535	947.87
STRIPE	metal5	26.35	936.94	97.535	937.87
STRIPE	metal6	1077.71	113.67	1078.64	164.6
STRIPE	metal6	1067.71	113.67	1068.64	164.6
STRIPE	metal6	1057.71	113.67	1058.64	164.6
STRIPE	metal6	1047.71	113.67	1048.64	164.6
STRIPE	metal6	1037.71	113.67	1038.64	164.6
STRIPE	metal6	1027.71	113.67	1028.64	164.6
STRIPE	metal6	1017.72	113.67	1018.64	164.6
STRIPE	metal6	1007.72	113.67	1008.64	164.6
STRIPE	metal5	1006.08	163.67	1078.64	164.6
STRIPE	metal5	1006.08	153.67	1078.64	154.6
STRIPE	metal5	1006.08	143.67	1078.64	144.6
STRIPE	metal5	1006.08	133.67	1078.64	134.6
STRIPE	metal5	1006.08	123.67	1078.64	124.6
STRIPE	metal5	1006.08	113.67	1078.64	114.6
STRIPE	metal6	1077.71	28.9	1078.64	80.18
STRIPE	metal6	1067.71	28.9	1068.64	80.18
STRIPE	metal6	1057.71	28.9	1058.64	80.18
STRIPE	metal6	1047.71	28.9	1048.64	80.18
STRIPE	metal6	1037.71	28.9	1038.64	80.18
STRIPE	metal6	1027.71	28.9	1028.64	80.18
STRIPE	metal6	1017.72	28.9	1018.64	80.18
STRIPE	metal6	1007.72	28.9	1008.64	80.18
STRIPE	metal5	1006.08	79.25	1078.64	80.18
STRIPE	metal5	1006.08	69.25	1078.64	70.18
STRIPE	metal5	1006.08	59.25	1078.64	60.18
STRIPE	metal5	1006.08	49.25	1078.64	50.18
STRIPE	metal5	1006.08	39.25	1078.64	40.18
STRIPE	metal5	1006.08	29.25	1078.64	30.18
STRIPE	metal6	1077.71	926.02	1078.64	976.95
STRIPE	metal6	1067.71	926.02	1068.64	976.95
STRIPE	metal6	1057.71	926.02	1058.64	976.95
STRIPE	metal6	1047.71	926.02	1048.64	976.95
STRIPE	metal6	1037.71	926.02	1038.64	976.95
STRIPE	metal6	1027.71	926.02	1028.64	976.95
STRIPE	metal6	1017.72	926.02	1018.64	976.95
STRIPE	metal6	1007.72	926.02	1008.64	976.95
STRIPE	metal5	1006.08	976.02	1078.64	976.95
STRIPE	metal5	1006.08	966.02	1078.64	966.95
STRIPE	metal5	1006.08	956.02	1078.64	956.95
STRIPE	metal5	1006.08	946.02	1078.64	946.95
STRIPE	metal5	1006.08	936.02	1078.64	936.95
STRIPE	metal5	1006.08	926.02	1078.64	926.95
STRIPE	metal6	979.055	28.9	979.985	80.18
STRIPE	metal6	969.055	28.9	969.985	80.18
STRIPE	metal6	959.055	28.9	959.985	80.18
STRIPE	metal6	949.055	28.9	949.985	80.18
STRIPE	metal6	939.055	28.9	939.985	80.18
STRIPE	metal6	929.055	28.9	929.985	80.18
STRIPE	metal6	919.055	28.9	919.985	80.18
STRIPE	metal6	909.055	28.9	909.985	80.18
STRIPE	metal5	907.42	79.25	979.985	80.18
STRIPE	metal5	907.42	69.25	979.985	70.18
STRIPE	metal5	907.42	59.25	979.985	60.18
STRIPE	metal5	907.42	49.25	979.985	50.18
STRIPE	metal5	907.42	39.25	979.985	40.18
STRIPE	metal5	907.42	29.25	979.985	30.18
STRIPE	metal6	1077.71	197.95	1078.64	248.88
STRIPE	metal6	1067.71	197.95	1068.64	248.88
STRIPE	metal6	1057.71	197.95	1058.64	248.88
STRIPE	metal6	1047.71	197.95	1048.64	248.88
STRIPE	metal6	1037.71	197.95	1038.64	248.88
STRIPE	metal6	1027.71	197.95	1028.64	248.88
STRIPE	metal6	1017.72	197.95	1018.64	248.88
STRIPE	metal6	1007.72	197.95	1008.64	248.88
STRIPE	metal5	1006.08	247.95	1078.64	248.88
STRIPE	metal5	1006.08	237.95	1078.64	238.88
STRIPE	metal5	1006.08	227.95	1078.64	228.88
STRIPE	metal5	1006.08	217.95	1078.64	218.88
STRIPE	metal5	1006.08	207.95	1078.64	208.88
STRIPE	metal5	1006.08	197.95	1078.64	198.88
STRIPE	metal6	195.265	28.9	196.195	80.18
STRIPE	metal6	185.265	28.9	186.195	80.18
STRIPE	metal6	175.265	28.9	176.195	80.18
STRIPE	metal6	165.265	28.9	166.195	80.18
STRIPE	metal6	155.265	28.9	156.195	80.18
STRIPE	metal6	145.265	28.9	146.195	80.18
STRIPE	metal6	135.265	28.9	136.195	80.18
STRIPE	metal6	125.265	28.9	126.195	80.18
STRIPE	metal5	125.01	79.25	196.195	80.18
STRIPE	metal5	125.01	69.25	196.195	70.18
STRIPE	metal5	125.01	59.25	196.195	60.18
STRIPE	metal5	125.01	49.25	196.195	50.18
STRIPE	metal5	125.01	39.25	196.195	40.18
STRIPE	metal5	125.01	29.25	196.195	30.18
STRIPE	metal6	293.925	28.9	294.855	80.18
STRIPE	metal6	283.925	28.9	284.855	80.18
STRIPE	metal6	273.925	28.9	274.855	80.18
STRIPE	metal6	263.925	28.9	264.855	80.18
STRIPE	metal6	253.925	28.9	254.855	80.18
STRIPE	metal6	243.925	28.9	244.855	80.18
STRIPE	metal6	233.925	28.9	234.855	80.18
STRIPE	metal6	223.925	28.9	224.855	80.18
STRIPE	metal5	223.67	79.25	294.855	80.18
STRIPE	metal5	223.67	69.25	294.855	70.18
STRIPE	metal5	223.67	59.25	294.855	60.18
STRIPE	metal5	223.67	49.25	294.855	50.18
STRIPE	metal5	223.67	39.25	294.855	40.18
STRIPE	metal5	223.67	29.25	294.855	30.18
STRIPE	metal7	10.07	1085.77	236.31	1087.17
STRIPE	metal7	851.83	1085.77	1089.84	1087.17
STRIPE	metal7	10.07	1000.17	152.31	1001.57
STRIPE	metal7	10.07	17.77	320.31	19.17
STRIPE	metal4	1085.97	1010.72	1086.45	1083.68
STRIPE	metal7	879.83	17.77	1089.84	19.17
STRIPE	metal4	13.855	1010.72	14.335	1083.68
STRIPE	metal4	1085.97	18.115	1086.45	90.3
STRIPE	metal4	13.855	926.715	14.335	999.685
STRIPE	metal4	1085.97	103.515	1086.45	173.685
STRIPE	metal4	109.055	1010.72	109.535	1083.68
STRIPE	metal4	13.855	268.715	14.335	338.885
STRIPE	metal4	1085.97	915.515	1086.45	988.485
STRIPE	metal4	109.055	18.115	109.535	90.3
STRIPE	metal4	13.855	184.715	14.335	254.885
STRIPE	metal4	1085.97	271.515	1086.45	344.485
STRIPE	metal4	108.215	184.715	108.695	254.885
STRIPE	metal4	13.855	103.515	14.335	173.685
STRIPE	metal4	1085.97	187.515	1086.45	260.485
STRIPE	metal4	108.215	103.515	108.695	173.685
STRIPE	metal4	13.855	19.515	14.335	89.685
STRIPE	metal7	10.07	1078.9	1089.84	1080.3
STRIPE	metal7	10.07	1048.9	1089.84	1050.3
STRIPE	metal7	10.07	1018.9	1089.84	1020.3
STRIPE	metal7	10.07	988.9	1089.84	990.3
STRIPE	metal7	10.07	958.9	1089.84	960.3
STRIPE	metal7	10.07	928.9	1089.84	930.3
STRIPE	metal7	10.07	898.9	1089.84	900.3
STRIPE	metal7	10.07	868.9	1089.84	870.3
STRIPE	metal7	10.07	838.9	1089.84	840.3
STRIPE	metal7	10.07	808.9	1089.84	810.3
STRIPE	metal7	10.07	778.9	1089.84	780.3
STRIPE	metal7	10.07	748.9	1089.84	750.3
STRIPE	metal7	10.07	718.9	1089.84	720.3
STRIPE	metal7	10.07	688.9	1089.84	690.3
STRIPE	metal7	10.07	658.9	1089.84	660.3
STRIPE	metal7	10.07	628.9	1089.84	630.3
STRIPE	metal7	10.07	598.9	1089.84	600.3
STRIPE	metal7	10.07	568.9	1089.84	570.3
STRIPE	metal7	10.07	538.9	1089.84	540.3
STRIPE	metal7	10.07	508.9	1089.84	510.3
STRIPE	metal7	10.07	478.9	1089.84	480.3
STRIPE	metal7	10.07	448.9	1089.84	450.3
STRIPE	metal7	10.07	418.9	1089.84	420.3
STRIPE	metal7	10.07	388.9	1089.84	390.3
STRIPE	metal7	10.07	358.9	1089.84	360.3
STRIPE	metal7	10.07	328.9	1089.84	330.3
STRIPE	metal7	10.07	298.9	1089.84	300.3
STRIPE	metal7	10.07	268.9	1089.84	270.3
STRIPE	metal7	10.07	238.9	1089.84	240.3
STRIPE	metal7	10.07	208.9	1089.84	210.3
STRIPE	metal7	10.07	178.9	1089.84	180.3
STRIPE	metal7	10.07	148.9	1089.84	150.3
STRIPE	metal7	10.07	118.9	1089.84	120.3
STRIPE	metal7	10.07	88.9	1089.84	90.3
STRIPE	metal7	10.07	58.9	1089.84	60.3
STRIPE	metal7	10.07	28.9	1089.84	30.3
STRIPE	metal4	1047.83	1083.52	1048.31	1089.29
STRIPE	metal4	1047.83	988.315	1048.31	1010.88
STRIPE	metal4	1047.83	344.315	1048.31	915.685
STRIPE	metal4	1047.83	260.315	1048.31	271.685
STRIPE	metal4	1047.83	176.315	1048.31	187.685
STRIPE	metal4	1047.83	89.385	1048.31	103.685
STRIPE	metal4	1047.83	13.915	1048.31	19.685
STRIPE	metal4	991.83	13.915	992.31	1089.29
STRIPE	metal4	935.83	1083.52	936.31	1089.29
STRIPE	metal4	935.83	176.315	936.31	1010.88
STRIPE	metal4	935.83	89.385	936.31	103.685
STRIPE	metal4	935.83	13.915	936.31	19.685
STRIPE	metal4	879.83	13.915	880.31	1089.29
STRIPE	metal4	823.83	13.915	824.31	1089.29
STRIPE	metal4	767.83	13.915	768.31	1089.29
STRIPE	metal4	711.83	13.915	712.31	1089.29
STRIPE	metal4	655.83	13.915	656.31	1089.29
STRIPE	metal4	599.83	13.915	600.31	1089.29
STRIPE	metal4	543.83	13.915	544.31	1089.29
STRIPE	metal4	487.83	13.915	488.31	1089.29
STRIPE	metal4	431.83	13.915	432.31	1089.29
STRIPE	metal4	375.83	13.915	376.31	1089.29
STRIPE	metal4	319.83	13.915	320.31	1089.29
STRIPE	metal4	263.83	89.385	264.31	1089.29
STRIPE	metal4	263.83	13.915	264.31	19.685
STRIPE	metal4	207.83	13.915	208.31	1089.29
STRIPE	metal4	151.83	1083.52	152.31	1089.29
STRIPE	metal4	151.83	254.715	152.31	1010.88
STRIPE	metal4	151.83	173.515	152.31	184.885
STRIPE	metal4	151.83	89.385	152.31	103.685
STRIPE	metal4	151.83	13.915	152.31	19.685
STRIPE	metal4	95.83	1083.52	96.31	1089.29
STRIPE	metal4	95.83	999.515	96.31	1010.88
STRIPE	metal4	95.83	338.715	96.31	926.885
STRIPE	metal4	95.83	254.715	96.31	269.225
STRIPE	metal4	95.83	173.515	96.31	184.885
STRIPE	metal4	95.83	89.385	96.31	103.685
STRIPE	metal4	95.83	13.915	96.31	19.685
STRIPE	metal4	39.83	1083.52	40.31	1089.29
STRIPE	metal4	39.83	999.515	40.31	1010.88
STRIPE	metal4	39.83	338.715	40.31	926.885
STRIPE	metal4	39.83	254.715	40.31	269.225
STRIPE	metal4	39.83	173.515	40.31	184.885
STRIPE	metal4	39.83	89.385	40.31	103.685
STRIPE	metal4	39.83	13.915	40.31	19.685
FOLLOWPIN	metal1	1081.86	1080.71	1089.84	1080.88
FOLLOWPIN	metal1	1081.86	1077.91	1089.84	1078.09
FOLLOWPIN	metal1	1081.86	1075.12	1089.84	1075.29
FOLLOWPIN	metal1	1081.86	1072.32	1089.84	1072.48
FOLLOWPIN	metal1	1081.86	1069.52	1089.84	1069.68
FOLLOWPIN	metal1	1081.86	1066.71	1089.84	1066.88
FOLLOWPIN	metal1	1081.86	1063.91	1089.84	1064.09
FOLLOWPIN	metal1	1081.86	1061.12	1089.84	1061.29
FOLLOWPIN	metal1	1081.86	1058.32	1089.84	1058.48
FOLLOWPIN	metal1	1081.86	1055.52	1089.84	1055.68
FOLLOWPIN	metal1	1081.86	1052.71	1089.84	1052.88
FOLLOWPIN	metal1	1081.86	1049.91	1089.84	1050.09
FOLLOWPIN	metal1	1081.86	1047.12	1089.84	1047.29
FOLLOWPIN	metal1	1081.86	1044.32	1089.84	1044.48
FOLLOWPIN	metal1	1081.86	1041.52	1089.84	1041.68
FOLLOWPIN	metal1	1081.86	1038.71	1089.84	1038.88
FOLLOWPIN	metal1	1081.86	1035.91	1089.84	1036.09
FOLLOWPIN	metal1	1081.86	1033.12	1089.84	1033.29
FOLLOWPIN	metal1	1081.86	1030.32	1089.84	1030.48
FOLLOWPIN	metal1	1081.86	1027.52	1089.84	1027.68
FOLLOWPIN	metal1	1081.86	1024.71	1089.84	1024.88
FOLLOWPIN	metal1	1081.86	1021.91	1089.84	1022.09
FOLLOWPIN	metal1	1081.86	1019.12	1089.84	1019.28
FOLLOWPIN	metal1	1081.86	1016.32	1089.84	1016.49
FOLLOWPIN	metal1	1081.86	1013.51	1089.84	1013.68
FOLLOWPIN	metal1	1081.86	985.515	1089.84	985.685
FOLLOWPIN	metal1	1081.86	982.715	1089.84	982.885
FOLLOWPIN	metal1	1081.86	979.915	1089.84	980.085
FOLLOWPIN	metal1	1081.86	977.115	1089.84	977.285
FOLLOWPIN	metal1	1081.86	974.315	1089.84	974.485
FOLLOWPIN	metal1	1081.86	971.515	1089.84	971.685
FOLLOWPIN	metal1	1081.86	968.715	1089.84	968.885
FOLLOWPIN	metal1	1081.86	965.915	1089.84	966.085
FOLLOWPIN	metal1	1081.86	963.115	1089.84	963.285
FOLLOWPIN	metal1	1081.86	960.315	1089.84	960.485
FOLLOWPIN	metal1	1081.86	957.515	1089.84	957.685
FOLLOWPIN	metal1	1081.86	954.715	1089.84	954.885
FOLLOWPIN	metal1	1081.86	951.915	1089.84	952.085
FOLLOWPIN	metal1	1081.86	949.115	1089.84	949.285
FOLLOWPIN	metal1	1081.86	946.315	1089.84	946.485
FOLLOWPIN	metal1	1081.86	943.515	1089.84	943.685
FOLLOWPIN	metal1	1081.86	940.715	1089.84	940.885
FOLLOWPIN	metal1	1081.86	937.915	1089.84	938.085
FOLLOWPIN	metal1	1081.86	935.115	1089.84	935.285
FOLLOWPIN	metal1	1081.86	932.315	1089.84	932.485
FOLLOWPIN	metal1	1081.86	929.515	1089.84	929.685
FOLLOWPIN	metal1	1081.86	926.715	1089.84	926.885
FOLLOWPIN	metal1	1081.86	923.915	1089.84	924.085
FOLLOWPIN	metal1	1081.86	921.115	1089.84	921.285
FOLLOWPIN	metal1	1081.86	918.315	1089.84	918.485
FOLLOWPIN	metal1	1081.86	341.515	1089.84	341.685
FOLLOWPIN	metal1	1081.86	338.715	1089.84	338.885
FOLLOWPIN	metal1	1081.86	335.915	1089.84	336.085
FOLLOWPIN	metal1	1081.86	333.115	1089.84	333.285
FOLLOWPIN	metal1	1081.86	330.315	1089.84	330.485
FOLLOWPIN	metal1	1081.86	327.515	1089.84	327.685
FOLLOWPIN	metal1	1081.86	324.715	1089.84	324.885
FOLLOWPIN	metal1	1081.86	321.915	1089.84	322.085
FOLLOWPIN	metal1	1081.86	319.115	1089.84	319.285
FOLLOWPIN	metal1	1081.86	316.315	1089.84	316.485
FOLLOWPIN	metal1	1081.86	313.515	1089.84	313.685
FOLLOWPIN	metal1	1081.86	310.715	1089.84	310.885
FOLLOWPIN	metal1	1081.86	307.915	1089.84	308.085
FOLLOWPIN	metal1	1081.86	305.115	1089.84	305.285
FOLLOWPIN	metal1	1081.86	302.315	1089.84	302.485
FOLLOWPIN	metal1	1081.86	299.515	1089.84	299.685
FOLLOWPIN	metal1	1081.86	296.715	1089.84	296.885
FOLLOWPIN	metal1	1081.86	293.915	1089.84	294.085
FOLLOWPIN	metal1	1081.86	291.115	1089.84	291.285
FOLLOWPIN	metal1	1081.86	288.315	1089.84	288.485
FOLLOWPIN	metal1	1081.86	285.515	1089.84	285.685
FOLLOWPIN	metal1	1081.86	282.715	1089.84	282.885
FOLLOWPIN	metal1	1081.86	279.915	1089.84	280.085
FOLLOWPIN	metal1	1081.86	277.115	1089.84	277.285
FOLLOWPIN	metal1	1081.86	274.315	1089.84	274.485
FOLLOWPIN	metal1	1081.86	257.515	1089.84	257.685
FOLLOWPIN	metal1	1081.86	254.715	1089.84	254.885
FOLLOWPIN	metal1	1081.86	251.915	1089.84	252.085
FOLLOWPIN	metal1	1081.86	249.115	1089.84	249.285
FOLLOWPIN	metal1	1081.86	246.315	1089.84	246.485
FOLLOWPIN	metal1	1081.86	243.515	1089.84	243.685
FOLLOWPIN	metal1	1081.86	240.715	1089.84	240.885
FOLLOWPIN	metal1	1081.86	237.915	1089.84	238.085
FOLLOWPIN	metal1	1081.86	235.115	1089.84	235.285
FOLLOWPIN	metal1	1081.86	232.315	1089.84	232.485
FOLLOWPIN	metal1	1081.86	229.515	1089.84	229.685
FOLLOWPIN	metal1	1081.86	226.715	1089.84	226.885
FOLLOWPIN	metal1	1081.86	223.915	1089.84	224.085
FOLLOWPIN	metal1	1081.86	221.115	1089.84	221.285
FOLLOWPIN	metal1	1081.86	218.315	1089.84	218.485
FOLLOWPIN	metal1	1081.86	215.515	1089.84	215.685
FOLLOWPIN	metal1	1081.86	212.715	1089.84	212.885
FOLLOWPIN	metal1	1081.86	209.915	1089.84	210.085
FOLLOWPIN	metal1	1081.86	207.115	1089.84	207.285
FOLLOWPIN	metal1	1081.86	204.315	1089.84	204.485
FOLLOWPIN	metal1	1081.86	201.515	1089.84	201.685
FOLLOWPIN	metal1	1081.86	198.715	1089.84	198.885
FOLLOWPIN	metal1	1081.86	195.915	1089.84	196.085
FOLLOWPIN	metal1	1081.86	193.115	1089.84	193.285
FOLLOWPIN	metal1	1081.86	190.315	1089.84	190.485
FOLLOWPIN	metal1	1081.86	170.715	1089.84	170.885
FOLLOWPIN	metal1	1081.86	167.915	1089.84	168.085
FOLLOWPIN	metal1	1081.86	165.115	1089.84	165.285
FOLLOWPIN	metal1	1081.86	162.315	1089.84	162.485
FOLLOWPIN	metal1	1081.86	159.515	1089.84	159.685
FOLLOWPIN	metal1	1081.86	156.715	1089.84	156.885
FOLLOWPIN	metal1	1081.86	153.915	1089.84	154.085
FOLLOWPIN	metal1	1081.86	151.115	1089.84	151.285
FOLLOWPIN	metal1	1081.86	148.315	1089.84	148.485
FOLLOWPIN	metal1	1081.86	145.515	1089.84	145.685
FOLLOWPIN	metal1	1081.86	142.715	1089.84	142.885
FOLLOWPIN	metal1	1081.86	139.915	1089.84	140.085
FOLLOWPIN	metal1	1081.86	137.115	1089.84	137.285
FOLLOWPIN	metal1	1081.86	134.315	1089.84	134.485
FOLLOWPIN	metal1	1081.86	131.515	1089.84	131.685
FOLLOWPIN	metal1	1081.86	128.715	1089.84	128.885
FOLLOWPIN	metal1	1081.86	125.915	1089.84	126.085
FOLLOWPIN	metal1	1081.86	123.115	1089.84	123.285
FOLLOWPIN	metal1	1081.86	120.315	1089.84	120.485
FOLLOWPIN	metal1	1081.86	117.515	1089.84	117.685
FOLLOWPIN	metal1	1081.86	114.715	1089.84	114.885
FOLLOWPIN	metal1	1081.86	111.915	1089.84	112.085
FOLLOWPIN	metal1	1081.86	109.115	1089.84	109.285
FOLLOWPIN	metal1	1081.86	106.315	1089.84	106.485
FOLLOWPIN	metal1	1081.86	86.715	1089.84	86.885
FOLLOWPIN	metal1	1081.86	83.915	1089.84	84.085
FOLLOWPIN	metal1	1081.86	81.115	1089.84	81.285
FOLLOWPIN	metal1	1081.86	78.315	1089.84	78.485
FOLLOWPIN	metal1	1081.86	75.515	1089.84	75.685
FOLLOWPIN	metal1	1081.86	72.715	1089.84	72.885
FOLLOWPIN	metal1	1081.86	69.915	1089.84	70.085
FOLLOWPIN	metal1	1081.86	67.115	1089.84	67.285
FOLLOWPIN	metal1	1081.86	64.315	1089.84	64.485
FOLLOWPIN	metal1	1081.86	61.515	1089.84	61.685
FOLLOWPIN	metal1	1081.86	58.715	1089.84	58.885
FOLLOWPIN	metal1	1081.86	55.915	1089.84	56.085
FOLLOWPIN	metal1	1081.86	53.115	1089.84	53.285
FOLLOWPIN	metal1	1081.86	50.315	1089.84	50.485
FOLLOWPIN	metal1	1081.86	47.515	1089.84	47.685
FOLLOWPIN	metal1	1081.86	44.715	1089.84	44.885
FOLLOWPIN	metal1	1081.86	41.915	1089.84	42.085
FOLLOWPIN	metal1	1081.86	39.115	1089.84	39.285
FOLLOWPIN	metal1	1081.86	36.315	1089.84	36.485
FOLLOWPIN	metal1	1081.86	33.515	1089.84	33.685
FOLLOWPIN	metal1	1081.86	30.715	1089.84	30.885
FOLLOWPIN	metal1	1081.86	27.915	1089.84	28.085
FOLLOWPIN	metal1	1081.86	25.115	1089.84	25.285
FOLLOWPIN	metal1	1081.86	22.315	1089.84	22.485
FOLLOWPIN	metal1	983.25	1080.71	999.02	1080.88
FOLLOWPIN	metal1	983.25	1077.91	999.02	1078.09
FOLLOWPIN	metal1	983.25	1075.12	999.02	1075.29
FOLLOWPIN	metal1	983.25	1072.32	999.02	1072.48
FOLLOWPIN	metal1	983.25	1069.52	999.02	1069.68
FOLLOWPIN	metal1	983.25	1066.71	999.02	1066.88
FOLLOWPIN	metal1	983.25	1063.91	999.02	1064.09
FOLLOWPIN	metal1	983.25	1061.12	999.02	1061.29
FOLLOWPIN	metal1	983.25	1058.32	999.02	1058.48
FOLLOWPIN	metal1	983.25	1055.52	999.02	1055.68
FOLLOWPIN	metal1	983.25	1052.71	999.02	1052.88
FOLLOWPIN	metal1	983.25	1049.91	999.02	1050.09
FOLLOWPIN	metal1	983.25	1047.12	999.02	1047.29
FOLLOWPIN	metal1	983.25	1044.32	999.02	1044.48
FOLLOWPIN	metal1	983.25	1041.52	999.02	1041.68
FOLLOWPIN	metal1	983.25	1038.71	999.02	1038.88
FOLLOWPIN	metal1	983.25	1035.91	999.02	1036.09
FOLLOWPIN	metal1	983.25	1033.12	999.02	1033.29
FOLLOWPIN	metal1	983.25	1030.32	999.02	1030.48
FOLLOWPIN	metal1	983.25	1027.52	999.02	1027.68
FOLLOWPIN	metal1	983.25	1024.71	999.02	1024.88
FOLLOWPIN	metal1	983.25	1021.91	999.02	1022.09
FOLLOWPIN	metal1	983.25	1019.12	999.02	1019.28
FOLLOWPIN	metal1	983.25	1016.32	999.02	1016.49
FOLLOWPIN	metal1	983.25	1013.51	999.02	1013.68
FOLLOWPIN	metal1	983.25	170.715	999.02	170.885
FOLLOWPIN	metal1	983.25	167.915	999.02	168.085
FOLLOWPIN	metal1	983.25	165.115	999.02	165.285
FOLLOWPIN	metal1	983.25	162.315	999.02	162.485
FOLLOWPIN	metal1	983.25	159.515	999.02	159.685
FOLLOWPIN	metal1	983.25	156.715	999.02	156.885
FOLLOWPIN	metal1	983.25	153.915	999.02	154.085
FOLLOWPIN	metal1	983.25	151.115	999.02	151.285
FOLLOWPIN	metal1	983.25	148.315	999.02	148.485
FOLLOWPIN	metal1	983.25	145.515	999.02	145.685
FOLLOWPIN	metal1	983.25	142.715	999.02	142.885
FOLLOWPIN	metal1	983.25	139.915	999.02	140.085
FOLLOWPIN	metal1	983.25	137.115	999.02	137.285
FOLLOWPIN	metal1	983.25	134.315	999.02	134.485
FOLLOWPIN	metal1	983.25	131.515	999.02	131.685
FOLLOWPIN	metal1	983.25	128.715	999.02	128.885
FOLLOWPIN	metal1	983.25	125.915	999.02	126.085
FOLLOWPIN	metal1	983.25	123.115	999.02	123.285
FOLLOWPIN	metal1	983.25	120.315	999.02	120.485
FOLLOWPIN	metal1	983.25	117.515	999.02	117.685
FOLLOWPIN	metal1	983.25	114.715	999.02	114.885
FOLLOWPIN	metal1	983.25	111.915	999.02	112.085
FOLLOWPIN	metal1	983.25	109.115	999.02	109.285
FOLLOWPIN	metal1	983.25	106.315	999.02	106.485
FOLLOWPIN	metal1	983.25	86.715	999.02	86.885
FOLLOWPIN	metal1	983.25	83.915	999.02	84.085
FOLLOWPIN	metal1	983.25	81.115	999.02	81.285
FOLLOWPIN	metal1	983.25	78.315	999.02	78.485
FOLLOWPIN	metal1	983.25	75.515	999.02	75.685
FOLLOWPIN	metal1	983.25	72.715	999.02	72.885
FOLLOWPIN	metal1	983.25	69.915	999.02	70.085
FOLLOWPIN	metal1	983.25	67.115	999.02	67.285
FOLLOWPIN	metal1	983.25	64.315	999.02	64.485
FOLLOWPIN	metal1	983.25	61.515	999.02	61.685
FOLLOWPIN	metal1	983.25	58.715	999.02	58.885
FOLLOWPIN	metal1	983.25	55.915	999.02	56.085
FOLLOWPIN	metal1	983.25	53.115	999.02	53.285
FOLLOWPIN	metal1	983.25	50.315	999.02	50.485
FOLLOWPIN	metal1	983.25	47.515	999.02	47.685
FOLLOWPIN	metal1	983.25	44.715	999.02	44.885
FOLLOWPIN	metal1	983.25	41.915	999.02	42.085
FOLLOWPIN	metal1	983.25	39.115	999.02	39.285
FOLLOWPIN	metal1	983.25	36.315	999.02	36.485
FOLLOWPIN	metal1	983.25	33.515	999.02	33.685
FOLLOWPIN	metal1	983.25	30.715	999.02	30.885
FOLLOWPIN	metal1	983.25	27.915	999.02	28.085
FOLLOWPIN	metal1	983.25	25.115	999.02	25.285
FOLLOWPIN	metal1	983.25	22.315	999.02	22.485
FOLLOWPIN	metal1	298.11	86.715	900.41	86.885
FOLLOWPIN	metal1	298.11	83.915	900.41	84.085
FOLLOWPIN	metal1	298.11	81.115	900.41	81.285
FOLLOWPIN	metal1	298.11	78.315	900.41	78.485
FOLLOWPIN	metal1	298.11	75.515	900.41	75.685
FOLLOWPIN	metal1	298.11	72.715	900.41	72.885
FOLLOWPIN	metal1	298.11	69.915	900.41	70.085
FOLLOWPIN	metal1	298.11	67.115	900.41	67.285
FOLLOWPIN	metal1	298.11	64.315	900.41	64.485
FOLLOWPIN	metal1	298.11	61.515	900.41	61.685
FOLLOWPIN	metal1	298.11	58.715	900.41	58.885
FOLLOWPIN	metal1	298.11	55.915	900.41	56.085
FOLLOWPIN	metal1	298.11	53.115	900.41	53.285
FOLLOWPIN	metal1	298.11	50.315	900.41	50.485
FOLLOWPIN	metal1	298.11	47.515	900.41	47.685
FOLLOWPIN	metal1	298.11	44.715	900.41	44.885
FOLLOWPIN	metal1	298.11	41.915	900.41	42.085
FOLLOWPIN	metal1	298.11	39.115	900.41	39.285
FOLLOWPIN	metal1	298.11	36.315	900.41	36.485
FOLLOWPIN	metal1	298.11	33.515	900.41	33.685
FOLLOWPIN	metal1	298.11	30.715	900.41	30.885
FOLLOWPIN	metal1	298.11	27.915	900.41	28.085
FOLLOWPIN	metal1	298.11	25.115	900.41	25.285
FOLLOWPIN	metal1	298.11	22.315	900.41	22.485
FOLLOWPIN	metal1	199.5	1080.71	900.41	1080.88
FOLLOWPIN	metal1	199.5	1077.91	900.41	1078.09
FOLLOWPIN	metal1	199.5	1075.12	900.41	1075.29
FOLLOWPIN	metal1	199.5	1072.32	900.41	1072.48
FOLLOWPIN	metal1	199.5	1069.52	900.41	1069.68
FOLLOWPIN	metal1	199.5	1066.71	900.41	1066.88
FOLLOWPIN	metal1	199.5	1063.91	900.41	1064.09
FOLLOWPIN	metal1	199.5	1061.12	900.41	1061.29
FOLLOWPIN	metal1	199.5	1058.32	900.41	1058.48
FOLLOWPIN	metal1	199.5	1055.52	900.41	1055.68
FOLLOWPIN	metal1	199.5	1052.71	900.41	1052.88
FOLLOWPIN	metal1	199.5	1049.91	900.41	1050.09
FOLLOWPIN	metal1	199.5	1047.12	900.41	1047.29
FOLLOWPIN	metal1	199.5	1044.32	900.41	1044.48
FOLLOWPIN	metal1	199.5	1041.52	900.41	1041.68
FOLLOWPIN	metal1	199.5	1038.71	900.41	1038.88
FOLLOWPIN	metal1	199.5	1035.91	900.41	1036.09
FOLLOWPIN	metal1	199.5	1033.12	900.41	1033.29
FOLLOWPIN	metal1	199.5	1030.32	900.41	1030.48
FOLLOWPIN	metal1	199.5	1027.52	900.41	1027.68
FOLLOWPIN	metal1	199.5	1024.71	900.41	1024.88
FOLLOWPIN	metal1	199.5	1021.91	900.41	1022.09
FOLLOWPIN	metal1	199.5	1019.12	900.41	1019.28
FOLLOWPIN	metal1	199.5	1016.32	900.41	1016.49
FOLLOWPIN	metal1	199.5	1013.51	900.41	1013.68
FOLLOWPIN	metal1	199.5	86.715	215.27	86.885
FOLLOWPIN	metal1	199.5	83.915	215.27	84.085
FOLLOWPIN	metal1	199.5	81.115	215.27	81.285
FOLLOWPIN	metal1	199.5	78.315	215.27	78.485
FOLLOWPIN	metal1	199.5	75.515	215.27	75.685
FOLLOWPIN	metal1	199.5	72.715	215.27	72.885
FOLLOWPIN	metal1	199.5	69.915	215.27	70.085
FOLLOWPIN	metal1	199.5	67.115	215.27	67.285
FOLLOWPIN	metal1	199.5	64.315	215.27	64.485
FOLLOWPIN	metal1	199.5	61.515	215.27	61.685
FOLLOWPIN	metal1	199.5	58.715	215.27	58.885
FOLLOWPIN	metal1	199.5	55.915	215.27	56.085
FOLLOWPIN	metal1	199.5	53.115	215.27	53.285
FOLLOWPIN	metal1	199.5	50.315	215.27	50.485
FOLLOWPIN	metal1	199.5	47.515	215.27	47.685
FOLLOWPIN	metal1	199.5	44.715	215.27	44.885
FOLLOWPIN	metal1	199.5	41.915	215.27	42.085
FOLLOWPIN	metal1	199.5	39.115	215.27	39.285
FOLLOWPIN	metal1	199.5	36.315	215.27	36.485
FOLLOWPIN	metal1	199.5	33.515	215.27	33.685
FOLLOWPIN	metal1	199.5	30.715	215.27	30.885
FOLLOWPIN	metal1	199.5	27.915	215.27	28.085
FOLLOWPIN	metal1	199.5	25.115	215.27	25.285
FOLLOWPIN	metal1	199.5	22.315	215.27	22.485
FOLLOWPIN	metal1	197.98	251.915	999.02	252.085
FOLLOWPIN	metal1	197.98	249.115	999.02	249.285
FOLLOWPIN	metal1	197.98	246.315	999.02	246.485
FOLLOWPIN	metal1	197.98	243.515	999.02	243.685
FOLLOWPIN	metal1	197.98	240.715	999.02	240.885
FOLLOWPIN	metal1	197.98	237.915	999.02	238.085
FOLLOWPIN	metal1	197.98	235.115	999.02	235.285
FOLLOWPIN	metal1	197.98	232.315	999.02	232.485
FOLLOWPIN	metal1	197.98	229.515	999.02	229.685
FOLLOWPIN	metal1	197.98	226.715	999.02	226.885
FOLLOWPIN	metal1	197.98	223.915	999.02	224.085
FOLLOWPIN	metal1	197.98	221.115	999.02	221.285
FOLLOWPIN	metal1	197.98	218.315	999.02	218.485
FOLLOWPIN	metal1	197.98	215.515	999.02	215.685
FOLLOWPIN	metal1	197.98	212.715	999.02	212.885
FOLLOWPIN	metal1	197.98	209.915	999.02	210.085
FOLLOWPIN	metal1	197.98	207.115	999.02	207.285
FOLLOWPIN	metal1	197.98	204.315	999.02	204.485
FOLLOWPIN	metal1	197.98	201.515	999.02	201.685
FOLLOWPIN	metal1	197.98	198.715	999.02	198.885
FOLLOWPIN	metal1	197.98	195.915	999.02	196.085
FOLLOWPIN	metal1	197.98	193.115	999.02	193.285
FOLLOWPIN	metal1	197.98	190.315	999.02	190.485
FOLLOWPIN	metal1	197.98	187.515	1089.84	187.685
FOLLOWPIN	metal1	197.98	170.715	900.41	170.885
FOLLOWPIN	metal1	197.98	167.915	900.41	168.085
FOLLOWPIN	metal1	197.98	165.115	900.41	165.285
FOLLOWPIN	metal1	197.98	162.315	900.41	162.485
FOLLOWPIN	metal1	197.98	159.515	900.41	159.685
FOLLOWPIN	metal1	197.98	156.715	900.41	156.885
FOLLOWPIN	metal1	197.98	153.915	900.41	154.085
FOLLOWPIN	metal1	197.98	151.115	900.41	151.285
FOLLOWPIN	metal1	197.98	148.315	900.41	148.485
FOLLOWPIN	metal1	197.98	145.515	900.41	145.685
FOLLOWPIN	metal1	197.98	142.715	900.41	142.885
FOLLOWPIN	metal1	197.98	139.915	900.41	140.085
FOLLOWPIN	metal1	197.98	137.115	900.41	137.285
FOLLOWPIN	metal1	197.98	134.315	900.41	134.485
FOLLOWPIN	metal1	197.98	131.515	900.41	131.685
FOLLOWPIN	metal1	197.98	128.715	900.41	128.885
FOLLOWPIN	metal1	197.98	125.915	900.41	126.085
FOLLOWPIN	metal1	197.98	123.115	900.41	123.285
FOLLOWPIN	metal1	197.98	120.315	900.41	120.485
FOLLOWPIN	metal1	197.98	117.515	900.41	117.685
FOLLOWPIN	metal1	197.98	114.715	900.41	114.885
FOLLOWPIN	metal1	197.98	111.915	900.41	112.085
FOLLOWPIN	metal1	197.98	109.115	900.41	109.285
FOLLOWPIN	metal1	197.98	106.315	900.41	106.485
FOLLOWPIN	metal1	100.89	1080.71	116.66	1080.88
FOLLOWPIN	metal1	100.89	1077.91	116.66	1078.09
FOLLOWPIN	metal1	100.89	1075.12	116.66	1075.29
FOLLOWPIN	metal1	100.89	1072.32	116.66	1072.48
FOLLOWPIN	metal1	100.89	1069.52	116.66	1069.68
FOLLOWPIN	metal1	100.89	1066.71	116.66	1066.88
FOLLOWPIN	metal1	100.89	1063.91	116.66	1064.09
FOLLOWPIN	metal1	100.89	1061.12	116.66	1061.29
FOLLOWPIN	metal1	100.89	1058.32	116.66	1058.48
FOLLOWPIN	metal1	100.89	1055.52	116.66	1055.68
FOLLOWPIN	metal1	100.89	1052.71	116.66	1052.88
FOLLOWPIN	metal1	100.89	1049.91	116.66	1050.09
FOLLOWPIN	metal1	100.89	1047.12	116.66	1047.29
FOLLOWPIN	metal1	100.89	1044.32	116.66	1044.48
FOLLOWPIN	metal1	100.89	1041.52	116.66	1041.68
FOLLOWPIN	metal1	100.89	1038.71	116.66	1038.88
FOLLOWPIN	metal1	100.89	1035.91	116.66	1036.09
FOLLOWPIN	metal1	100.89	1033.12	116.66	1033.29
FOLLOWPIN	metal1	100.89	1030.32	116.66	1030.48
FOLLOWPIN	metal1	100.89	1027.52	116.66	1027.68
FOLLOWPIN	metal1	100.89	1024.71	116.66	1024.88
FOLLOWPIN	metal1	100.89	1021.91	116.66	1022.09
FOLLOWPIN	metal1	100.89	1019.12	116.66	1019.28
FOLLOWPIN	metal1	100.89	1016.32	116.66	1016.49
FOLLOWPIN	metal1	100.89	1013.51	116.66	1013.68
FOLLOWPIN	metal1	100.89	996.715	1089.84	996.885
FOLLOWPIN	metal1	100.89	993.915	1089.84	994.085
FOLLOWPIN	metal1	100.89	991.115	1089.84	991.285
FOLLOWPIN	metal1	100.89	988.315	1089.84	988.485
FOLLOWPIN	metal1	100.89	985.515	999.02	985.685
FOLLOWPIN	metal1	100.89	982.715	999.02	982.885
FOLLOWPIN	metal1	100.89	979.915	999.02	980.085
FOLLOWPIN	metal1	100.89	977.115	999.02	977.285
FOLLOWPIN	metal1	100.89	974.315	999.02	974.485
FOLLOWPIN	metal1	100.89	971.515	999.02	971.685
FOLLOWPIN	metal1	100.89	968.715	999.02	968.885
FOLLOWPIN	metal1	100.89	965.915	999.02	966.085
FOLLOWPIN	metal1	100.89	963.115	999.02	963.285
FOLLOWPIN	metal1	100.89	960.315	999.02	960.485
FOLLOWPIN	metal1	100.89	957.515	999.02	957.685
FOLLOWPIN	metal1	100.89	954.715	999.02	954.885
FOLLOWPIN	metal1	100.89	951.915	999.02	952.085
FOLLOWPIN	metal1	100.89	949.115	999.02	949.285
FOLLOWPIN	metal1	100.89	946.315	999.02	946.485
FOLLOWPIN	metal1	100.89	943.515	999.02	943.685
FOLLOWPIN	metal1	100.89	940.715	999.02	940.885
FOLLOWPIN	metal1	100.89	937.915	999.02	938.085
FOLLOWPIN	metal1	100.89	935.115	999.02	935.285
FOLLOWPIN	metal1	100.89	932.315	999.02	932.485
FOLLOWPIN	metal1	100.89	929.515	999.02	929.685
FOLLOWPIN	metal1	100.89	335.915	999.02	336.085
FOLLOWPIN	metal1	100.89	333.115	999.02	333.285
FOLLOWPIN	metal1	100.89	330.315	999.02	330.485
FOLLOWPIN	metal1	100.89	327.515	999.02	327.685
FOLLOWPIN	metal1	100.89	324.715	999.02	324.885
FOLLOWPIN	metal1	100.89	321.915	999.02	322.085
FOLLOWPIN	metal1	100.89	319.115	999.02	319.285
FOLLOWPIN	metal1	100.89	316.315	999.02	316.485
FOLLOWPIN	metal1	100.89	313.515	999.02	313.685
FOLLOWPIN	metal1	100.89	310.715	999.02	310.885
FOLLOWPIN	metal1	100.89	307.915	999.02	308.085
FOLLOWPIN	metal1	100.89	305.115	999.02	305.285
FOLLOWPIN	metal1	100.89	302.315	999.02	302.485
FOLLOWPIN	metal1	100.89	299.515	999.02	299.685
FOLLOWPIN	metal1	100.89	296.715	999.02	296.885
FOLLOWPIN	metal1	100.89	293.915	999.02	294.085
FOLLOWPIN	metal1	100.89	291.115	999.02	291.285
FOLLOWPIN	metal1	100.89	288.315	999.02	288.485
FOLLOWPIN	metal1	100.89	285.515	999.02	285.685
FOLLOWPIN	metal1	100.89	282.715	999.02	282.885
FOLLOWPIN	metal1	100.89	279.915	999.02	280.085
FOLLOWPIN	metal1	100.89	277.115	999.02	277.285
FOLLOWPIN	metal1	100.89	274.315	999.02	274.485
FOLLOWPIN	metal1	100.89	271.515	1089.84	271.685
FOLLOWPIN	metal1	100.89	86.715	116.66	86.885
FOLLOWPIN	metal1	100.89	83.915	116.66	84.085
FOLLOWPIN	metal1	100.89	81.115	116.66	81.285
FOLLOWPIN	metal1	100.89	78.315	116.66	78.485
FOLLOWPIN	metal1	100.89	75.515	116.66	75.685
FOLLOWPIN	metal1	100.89	72.715	116.66	72.885
FOLLOWPIN	metal1	100.89	69.915	116.66	70.085
FOLLOWPIN	metal1	100.89	67.115	116.66	67.285
FOLLOWPIN	metal1	100.89	64.315	116.66	64.485
FOLLOWPIN	metal1	100.89	61.515	116.66	61.685
FOLLOWPIN	metal1	100.89	58.715	116.66	58.885
FOLLOWPIN	metal1	100.89	55.915	116.66	56.085
FOLLOWPIN	metal1	100.89	53.115	116.66	53.285
FOLLOWPIN	metal1	100.89	50.315	116.66	50.485
FOLLOWPIN	metal1	100.89	47.515	116.66	47.685
FOLLOWPIN	metal1	100.89	44.715	116.66	44.885
FOLLOWPIN	metal1	100.89	41.915	116.66	42.085
FOLLOWPIN	metal1	100.89	39.115	116.66	39.285
FOLLOWPIN	metal1	100.89	36.315	116.66	36.485
FOLLOWPIN	metal1	100.89	33.515	116.66	33.685
FOLLOWPIN	metal1	100.89	30.715	116.66	30.885
FOLLOWPIN	metal1	100.89	27.915	116.66	28.085
FOLLOWPIN	metal1	100.89	25.115	116.66	25.285
FOLLOWPIN	metal1	100.89	22.315	116.66	22.485
FOLLOWPIN	metal1	100.13	251.915	115.9	252.085
FOLLOWPIN	metal1	100.13	249.115	115.9	249.285
FOLLOWPIN	metal1	100.13	246.315	115.9	246.485
FOLLOWPIN	metal1	100.13	243.515	115.9	243.685
FOLLOWPIN	metal1	100.13	240.715	115.9	240.885
FOLLOWPIN	metal1	100.13	237.915	115.9	238.085
FOLLOWPIN	metal1	100.13	235.115	115.9	235.285
FOLLOWPIN	metal1	100.13	232.315	115.9	232.485
FOLLOWPIN	metal1	100.13	229.515	115.9	229.685
FOLLOWPIN	metal1	100.13	226.715	115.9	226.885
FOLLOWPIN	metal1	100.13	223.915	115.9	224.085
FOLLOWPIN	metal1	100.13	221.115	115.9	221.285
FOLLOWPIN	metal1	100.13	218.315	115.9	218.485
FOLLOWPIN	metal1	100.13	215.515	115.9	215.685
FOLLOWPIN	metal1	100.13	212.715	115.9	212.885
FOLLOWPIN	metal1	100.13	209.915	115.9	210.085
FOLLOWPIN	metal1	100.13	207.115	115.9	207.285
FOLLOWPIN	metal1	100.13	204.315	115.9	204.485
FOLLOWPIN	metal1	100.13	201.515	115.9	201.685
FOLLOWPIN	metal1	100.13	198.715	115.9	198.885
FOLLOWPIN	metal1	100.13	195.915	115.9	196.085
FOLLOWPIN	metal1	100.13	193.115	115.9	193.285
FOLLOWPIN	metal1	100.13	190.315	115.9	190.485
FOLLOWPIN	metal1	100.13	187.515	115.9	187.685
FOLLOWPIN	metal1	100.13	170.715	115.9	170.885
FOLLOWPIN	metal1	100.13	167.915	115.9	168.085
FOLLOWPIN	metal1	100.13	165.115	115.9	165.285
FOLLOWPIN	metal1	100.13	162.315	115.9	162.485
FOLLOWPIN	metal1	100.13	159.515	115.9	159.685
FOLLOWPIN	metal1	100.13	156.715	115.9	156.885
FOLLOWPIN	metal1	100.13	153.915	115.9	154.085
FOLLOWPIN	metal1	100.13	151.115	115.9	151.285
FOLLOWPIN	metal1	100.13	148.315	115.9	148.485
FOLLOWPIN	metal1	100.13	145.515	115.9	145.685
FOLLOWPIN	metal1	100.13	142.715	115.9	142.885
FOLLOWPIN	metal1	100.13	139.915	115.9	140.085
FOLLOWPIN	metal1	100.13	137.115	115.9	137.285
FOLLOWPIN	metal1	100.13	134.315	115.9	134.485
FOLLOWPIN	metal1	100.13	131.515	115.9	131.685
FOLLOWPIN	metal1	100.13	128.715	115.9	128.885
FOLLOWPIN	metal1	100.13	125.915	115.9	126.085
FOLLOWPIN	metal1	100.13	123.115	115.9	123.285
FOLLOWPIN	metal1	100.13	120.315	115.9	120.485
FOLLOWPIN	metal1	100.13	117.515	115.9	117.685
FOLLOWPIN	metal1	100.13	114.715	115.9	114.885
FOLLOWPIN	metal1	100.13	111.915	115.9	112.085
FOLLOWPIN	metal1	100.13	109.115	115.9	109.285
FOLLOWPIN	metal1	100.13	106.315	115.9	106.485
FOLLOWPIN	metal1	10.07	1089.12	1089.84	1089.29
FOLLOWPIN	metal1	10.07	1086.32	1089.84	1086.48
FOLLOWPIN	metal1	10.07	1083.52	1089.84	1083.68
FOLLOWPIN	metal1	10.07	1080.71	18.05	1080.88
FOLLOWPIN	metal1	10.07	1077.91	18.05	1078.09
FOLLOWPIN	metal1	10.07	1075.12	18.05	1075.29
FOLLOWPIN	metal1	10.07	1072.32	18.05	1072.48
FOLLOWPIN	metal1	10.07	1069.52	18.05	1069.68
FOLLOWPIN	metal1	10.07	1066.71	18.05	1066.88
FOLLOWPIN	metal1	10.07	1063.91	18.05	1064.09
FOLLOWPIN	metal1	10.07	1061.12	18.05	1061.29
FOLLOWPIN	metal1	10.07	1058.32	18.05	1058.48
FOLLOWPIN	metal1	10.07	1055.52	18.05	1055.68
FOLLOWPIN	metal1	10.07	1052.71	18.05	1052.88
FOLLOWPIN	metal1	10.07	1049.91	18.05	1050.09
FOLLOWPIN	metal1	10.07	1047.12	18.05	1047.29
FOLLOWPIN	metal1	10.07	1044.32	18.05	1044.48
FOLLOWPIN	metal1	10.07	1041.52	18.05	1041.68
FOLLOWPIN	metal1	10.07	1038.71	18.05	1038.88
FOLLOWPIN	metal1	10.07	1035.91	18.05	1036.09
FOLLOWPIN	metal1	10.07	1033.12	18.05	1033.29
FOLLOWPIN	metal1	10.07	1030.32	18.05	1030.48
FOLLOWPIN	metal1	10.07	1027.52	18.05	1027.68
FOLLOWPIN	metal1	10.07	1024.71	18.05	1024.88
FOLLOWPIN	metal1	10.07	1021.91	18.05	1022.09
FOLLOWPIN	metal1	10.07	1019.12	18.05	1019.28
FOLLOWPIN	metal1	10.07	1016.32	18.05	1016.49
FOLLOWPIN	metal1	10.07	1013.51	18.05	1013.68
FOLLOWPIN	metal1	10.07	1010.72	1089.84	1010.88
FOLLOWPIN	metal1	10.07	1007.91	1089.84	1008.09
FOLLOWPIN	metal1	10.07	1005.12	1089.84	1005.28
FOLLOWPIN	metal1	10.07	1002.32	1089.84	1002.49
FOLLOWPIN	metal1	10.07	999.515	1089.84	999.685
FOLLOWPIN	metal1	10.07	996.715	18.05	996.885
FOLLOWPIN	metal1	10.07	993.915	18.05	994.085
FOLLOWPIN	metal1	10.07	991.115	18.05	991.285
FOLLOWPIN	metal1	10.07	988.315	18.05	988.485
FOLLOWPIN	metal1	10.07	985.515	18.05	985.685
FOLLOWPIN	metal1	10.07	982.715	18.05	982.885
FOLLOWPIN	metal1	10.07	979.915	18.05	980.085
FOLLOWPIN	metal1	10.07	977.115	18.05	977.285
FOLLOWPIN	metal1	10.07	974.315	18.05	974.485
FOLLOWPIN	metal1	10.07	971.515	18.05	971.685
FOLLOWPIN	metal1	10.07	968.715	18.05	968.885
FOLLOWPIN	metal1	10.07	965.915	18.05	966.085
FOLLOWPIN	metal1	10.07	963.115	18.05	963.285
FOLLOWPIN	metal1	10.07	960.315	18.05	960.485
FOLLOWPIN	metal1	10.07	957.515	18.05	957.685
FOLLOWPIN	metal1	10.07	954.715	18.05	954.885
FOLLOWPIN	metal1	10.07	951.915	18.05	952.085
FOLLOWPIN	metal1	10.07	949.115	18.05	949.285
FOLLOWPIN	metal1	10.07	946.315	18.05	946.485
FOLLOWPIN	metal1	10.07	943.515	18.05	943.685
FOLLOWPIN	metal1	10.07	940.715	18.05	940.885
FOLLOWPIN	metal1	10.07	937.915	18.05	938.085
FOLLOWPIN	metal1	10.07	935.115	18.05	935.285
FOLLOWPIN	metal1	10.07	932.315	18.05	932.485
FOLLOWPIN	metal1	10.07	929.515	18.05	929.685
FOLLOWPIN	metal1	10.07	926.715	999.02	926.885
FOLLOWPIN	metal1	10.07	923.915	999.02	924.085
FOLLOWPIN	metal1	10.07	921.115	999.02	921.285
FOLLOWPIN	metal1	10.07	918.315	999.02	918.485
FOLLOWPIN	metal1	10.07	915.515	1089.84	915.685
FOLLOWPIN	metal1	10.07	912.715	1089.84	912.885
FOLLOWPIN	metal1	10.07	909.915	1089.84	910.085
FOLLOWPIN	metal1	10.07	907.115	1089.84	907.285
FOLLOWPIN	metal1	10.07	904.315	1089.84	904.485
FOLLOWPIN	metal1	10.07	901.515	1089.84	901.685
FOLLOWPIN	metal1	10.07	898.715	1089.84	898.885
FOLLOWPIN	metal1	10.07	895.915	1089.84	896.085
FOLLOWPIN	metal1	10.07	893.115	1089.84	893.285
FOLLOWPIN	metal1	10.07	890.315	1089.84	890.485
FOLLOWPIN	metal1	10.07	887.515	1089.84	887.685
FOLLOWPIN	metal1	10.07	884.715	1089.84	884.885
FOLLOWPIN	metal1	10.07	881.915	1089.84	882.085
FOLLOWPIN	metal1	10.07	879.115	1089.84	879.285
FOLLOWPIN	metal1	10.07	876.315	1089.84	876.485
FOLLOWPIN	metal1	10.07	873.515	1089.84	873.685
FOLLOWPIN	metal1	10.07	870.715	1089.84	870.885
FOLLOWPIN	metal1	10.07	867.915	1089.84	868.085
FOLLOWPIN	metal1	10.07	865.115	1089.84	865.285
FOLLOWPIN	metal1	10.07	862.315	1089.84	862.485
FOLLOWPIN	metal1	10.07	859.515	1089.84	859.685
FOLLOWPIN	metal1	10.07	856.715	1089.84	856.885
FOLLOWPIN	metal1	10.07	853.915	1089.84	854.085
FOLLOWPIN	metal1	10.07	851.115	1089.84	851.285
FOLLOWPIN	metal1	10.07	848.315	1089.84	848.485
FOLLOWPIN	metal1	10.07	845.515	1089.84	845.685
FOLLOWPIN	metal1	10.07	842.715	1089.84	842.885
FOLLOWPIN	metal1	10.07	839.915	1089.84	840.085
FOLLOWPIN	metal1	10.07	837.115	1089.84	837.285
FOLLOWPIN	metal1	10.07	834.315	1089.84	834.485
FOLLOWPIN	metal1	10.07	831.515	1089.84	831.685
FOLLOWPIN	metal1	10.07	828.715	1089.84	828.885
FOLLOWPIN	metal1	10.07	825.915	1089.84	826.085
FOLLOWPIN	metal1	10.07	823.115	1089.84	823.285
FOLLOWPIN	metal1	10.07	820.315	1089.84	820.485
FOLLOWPIN	metal1	10.07	817.515	1089.84	817.685
FOLLOWPIN	metal1	10.07	814.715	1089.84	814.885
FOLLOWPIN	metal1	10.07	811.915	1089.84	812.085
FOLLOWPIN	metal1	10.07	809.115	1089.84	809.285
FOLLOWPIN	metal1	10.07	806.315	1089.84	806.485
FOLLOWPIN	metal1	10.07	803.515	1089.84	803.685
FOLLOWPIN	metal1	10.07	800.715	1089.84	800.885
FOLLOWPIN	metal1	10.07	797.915	1089.84	798.085
FOLLOWPIN	metal1	10.07	795.115	1089.84	795.285
FOLLOWPIN	metal1	10.07	792.315	1089.84	792.485
FOLLOWPIN	metal1	10.07	789.515	1089.84	789.685
FOLLOWPIN	metal1	10.07	786.715	1089.84	786.885
FOLLOWPIN	metal1	10.07	783.915	1089.84	784.085
FOLLOWPIN	metal1	10.07	781.115	1089.84	781.285
FOLLOWPIN	metal1	10.07	778.315	1089.84	778.485
FOLLOWPIN	metal1	10.07	775.515	1089.84	775.685
FOLLOWPIN	metal1	10.07	772.715	1089.84	772.885
FOLLOWPIN	metal1	10.07	769.915	1089.84	770.085
FOLLOWPIN	metal1	10.07	767.115	1089.84	767.285
FOLLOWPIN	metal1	10.07	764.315	1089.84	764.485
FOLLOWPIN	metal1	10.07	761.515	1089.84	761.685
FOLLOWPIN	metal1	10.07	758.715	1089.84	758.885
FOLLOWPIN	metal1	10.07	755.915	1089.84	756.085
FOLLOWPIN	metal1	10.07	753.115	1089.84	753.285
FOLLOWPIN	metal1	10.07	750.315	1089.84	750.485
FOLLOWPIN	metal1	10.07	747.515	1089.84	747.685
FOLLOWPIN	metal1	10.07	744.715	1089.84	744.885
FOLLOWPIN	metal1	10.07	741.915	1089.84	742.085
FOLLOWPIN	metal1	10.07	739.115	1089.84	739.285
FOLLOWPIN	metal1	10.07	736.315	1089.84	736.485
FOLLOWPIN	metal1	10.07	733.515	1089.84	733.685
FOLLOWPIN	metal1	10.07	730.715	1089.84	730.885
FOLLOWPIN	metal1	10.07	727.915	1089.84	728.085
FOLLOWPIN	metal1	10.07	725.115	1089.84	725.285
FOLLOWPIN	metal1	10.07	722.315	1089.84	722.485
FOLLOWPIN	metal1	10.07	719.515	1089.84	719.685
FOLLOWPIN	metal1	10.07	716.715	1089.84	716.885
FOLLOWPIN	metal1	10.07	713.915	1089.84	714.085
FOLLOWPIN	metal1	10.07	711.115	1089.84	711.285
FOLLOWPIN	metal1	10.07	708.315	1089.84	708.485
FOLLOWPIN	metal1	10.07	705.515	1089.84	705.685
FOLLOWPIN	metal1	10.07	702.715	1089.84	702.885
FOLLOWPIN	metal1	10.07	699.915	1089.84	700.085
FOLLOWPIN	metal1	10.07	697.115	1089.84	697.285
FOLLOWPIN	metal1	10.07	694.315	1089.84	694.485
FOLLOWPIN	metal1	10.07	691.515	1089.84	691.685
FOLLOWPIN	metal1	10.07	688.715	1089.84	688.885
FOLLOWPIN	metal1	10.07	685.915	1089.84	686.085
FOLLOWPIN	metal1	10.07	683.115	1089.84	683.285
FOLLOWPIN	metal1	10.07	680.315	1089.84	680.485
FOLLOWPIN	metal1	10.07	677.515	1089.84	677.685
FOLLOWPIN	metal1	10.07	674.715	1089.84	674.885
FOLLOWPIN	metal1	10.07	671.915	1089.84	672.085
FOLLOWPIN	metal1	10.07	669.115	1089.84	669.285
FOLLOWPIN	metal1	10.07	666.315	1089.84	666.485
FOLLOWPIN	metal1	10.07	663.515	1089.84	663.685
FOLLOWPIN	metal1	10.07	660.715	1089.84	660.885
FOLLOWPIN	metal1	10.07	657.915	1089.84	658.085
FOLLOWPIN	metal1	10.07	655.115	1089.84	655.285
FOLLOWPIN	metal1	10.07	652.315	1089.84	652.485
FOLLOWPIN	metal1	10.07	649.515	1089.84	649.685
FOLLOWPIN	metal1	10.07	646.715	1089.84	646.885
FOLLOWPIN	metal1	10.07	643.915	1089.84	644.085
FOLLOWPIN	metal1	10.07	641.115	1089.84	641.285
FOLLOWPIN	metal1	10.07	638.315	1089.84	638.485
FOLLOWPIN	metal1	10.07	635.515	1089.84	635.685
FOLLOWPIN	metal1	10.07	632.715	1089.84	632.885
FOLLOWPIN	metal1	10.07	629.915	1089.84	630.085
FOLLOWPIN	metal1	10.07	627.115	1089.84	627.285
FOLLOWPIN	metal1	10.07	624.315	1089.84	624.485
FOLLOWPIN	metal1	10.07	621.515	1089.84	621.685
FOLLOWPIN	metal1	10.07	618.715	1089.84	618.885
FOLLOWPIN	metal1	10.07	615.915	1089.84	616.085
FOLLOWPIN	metal1	10.07	613.115	1089.84	613.285
FOLLOWPIN	metal1	10.07	610.315	1089.84	610.485
FOLLOWPIN	metal1	10.07	607.515	1089.84	607.685
FOLLOWPIN	metal1	10.07	604.715	1089.84	604.885
FOLLOWPIN	metal1	10.07	601.915	1089.84	602.085
FOLLOWPIN	metal1	10.07	599.115	1089.84	599.285
FOLLOWPIN	metal1	10.07	596.315	1089.84	596.485
FOLLOWPIN	metal1	10.07	593.515	1089.84	593.685
FOLLOWPIN	metal1	10.07	590.715	1089.84	590.885
FOLLOWPIN	metal1	10.07	587.915	1089.84	588.085
FOLLOWPIN	metal1	10.07	585.115	1089.84	585.285
FOLLOWPIN	metal1	10.07	582.315	1089.84	582.485
FOLLOWPIN	metal1	10.07	579.515	1089.84	579.685
FOLLOWPIN	metal1	10.07	576.715	1089.84	576.885
FOLLOWPIN	metal1	10.07	573.915	1089.84	574.085
FOLLOWPIN	metal1	10.07	571.115	1089.84	571.285
FOLLOWPIN	metal1	10.07	568.315	1089.84	568.485
FOLLOWPIN	metal1	10.07	565.515	1089.84	565.685
FOLLOWPIN	metal1	10.07	562.715	1089.84	562.885
FOLLOWPIN	metal1	10.07	559.915	1089.84	560.085
FOLLOWPIN	metal1	10.07	557.115	1089.84	557.285
FOLLOWPIN	metal1	10.07	554.315	1089.84	554.485
FOLLOWPIN	metal1	10.07	551.515	1089.84	551.685
FOLLOWPIN	metal1	10.07	548.715	1089.84	548.885
FOLLOWPIN	metal1	10.07	545.915	1089.84	546.085
FOLLOWPIN	metal1	10.07	543.115	1089.84	543.285
FOLLOWPIN	metal1	10.07	540.315	1089.84	540.485
FOLLOWPIN	metal1	10.07	537.515	1089.84	537.685
FOLLOWPIN	metal1	10.07	534.715	1089.84	534.885
FOLLOWPIN	metal1	10.07	531.915	1089.84	532.085
FOLLOWPIN	metal1	10.07	529.115	1089.84	529.285
FOLLOWPIN	metal1	10.07	526.315	1089.84	526.485
FOLLOWPIN	metal1	10.07	523.515	1089.84	523.685
FOLLOWPIN	metal1	10.07	520.715	1089.84	520.885
FOLLOWPIN	metal1	10.07	517.915	1089.84	518.085
FOLLOWPIN	metal1	10.07	515.115	1089.84	515.285
FOLLOWPIN	metal1	10.07	512.315	1089.84	512.485
FOLLOWPIN	metal1	10.07	509.515	1089.84	509.685
FOLLOWPIN	metal1	10.07	506.715	1089.84	506.885
FOLLOWPIN	metal1	10.07	503.915	1089.84	504.085
FOLLOWPIN	metal1	10.07	501.115	1089.84	501.285
FOLLOWPIN	metal1	10.07	498.315	1089.84	498.485
FOLLOWPIN	metal1	10.07	495.515	1089.84	495.685
FOLLOWPIN	metal1	10.07	492.715	1089.84	492.885
FOLLOWPIN	metal1	10.07	489.915	1089.84	490.085
FOLLOWPIN	metal1	10.07	487.115	1089.84	487.285
FOLLOWPIN	metal1	10.07	484.315	1089.84	484.485
FOLLOWPIN	metal1	10.07	481.515	1089.84	481.685
FOLLOWPIN	metal1	10.07	478.715	1089.84	478.885
FOLLOWPIN	metal1	10.07	475.915	1089.84	476.085
FOLLOWPIN	metal1	10.07	473.115	1089.84	473.285
FOLLOWPIN	metal1	10.07	470.315	1089.84	470.485
FOLLOWPIN	metal1	10.07	467.515	1089.84	467.685
FOLLOWPIN	metal1	10.07	464.715	1089.84	464.885
FOLLOWPIN	metal1	10.07	461.915	1089.84	462.085
FOLLOWPIN	metal1	10.07	459.115	1089.84	459.285
FOLLOWPIN	metal1	10.07	456.315	1089.84	456.485
FOLLOWPIN	metal1	10.07	453.515	1089.84	453.685
FOLLOWPIN	metal1	10.07	450.715	1089.84	450.885
FOLLOWPIN	metal1	10.07	447.915	1089.84	448.085
FOLLOWPIN	metal1	10.07	445.115	1089.84	445.285
FOLLOWPIN	metal1	10.07	442.315	1089.84	442.485
FOLLOWPIN	metal1	10.07	439.515	1089.84	439.685
FOLLOWPIN	metal1	10.07	436.715	1089.84	436.885
FOLLOWPIN	metal1	10.07	433.915	1089.84	434.085
FOLLOWPIN	metal1	10.07	431.115	1089.84	431.285
FOLLOWPIN	metal1	10.07	428.315	1089.84	428.485
FOLLOWPIN	metal1	10.07	425.515	1089.84	425.685
FOLLOWPIN	metal1	10.07	422.715	1089.84	422.885
FOLLOWPIN	metal1	10.07	419.915	1089.84	420.085
FOLLOWPIN	metal1	10.07	417.115	1089.84	417.285
FOLLOWPIN	metal1	10.07	414.315	1089.84	414.485
FOLLOWPIN	metal1	10.07	411.515	1089.84	411.685
FOLLOWPIN	metal1	10.07	408.715	1089.84	408.885
FOLLOWPIN	metal1	10.07	405.915	1089.84	406.085
FOLLOWPIN	metal1	10.07	403.115	1089.84	403.285
FOLLOWPIN	metal1	10.07	400.315	1089.84	400.485
FOLLOWPIN	metal1	10.07	397.515	1089.84	397.685
FOLLOWPIN	metal1	10.07	394.715	1089.84	394.885
FOLLOWPIN	metal1	10.07	391.915	1089.84	392.085
FOLLOWPIN	metal1	10.07	389.115	1089.84	389.285
FOLLOWPIN	metal1	10.07	386.315	1089.84	386.485
FOLLOWPIN	metal1	10.07	383.515	1089.84	383.685
FOLLOWPIN	metal1	10.07	380.715	1089.84	380.885
FOLLOWPIN	metal1	10.07	377.915	1089.84	378.085
FOLLOWPIN	metal1	10.07	375.115	1089.84	375.285
FOLLOWPIN	metal1	10.07	372.315	1089.84	372.485
FOLLOWPIN	metal1	10.07	369.515	1089.84	369.685
FOLLOWPIN	metal1	10.07	366.715	1089.84	366.885
FOLLOWPIN	metal1	10.07	363.915	1089.84	364.085
FOLLOWPIN	metal1	10.07	361.115	1089.84	361.285
FOLLOWPIN	metal1	10.07	358.315	1089.84	358.485
FOLLOWPIN	metal1	10.07	355.515	1089.84	355.685
FOLLOWPIN	metal1	10.07	352.715	1089.84	352.885
FOLLOWPIN	metal1	10.07	349.915	1089.84	350.085
FOLLOWPIN	metal1	10.07	347.115	1089.84	347.285
FOLLOWPIN	metal1	10.07	344.315	1089.84	344.485
FOLLOWPIN	metal1	10.07	341.515	999.02	341.685
FOLLOWPIN	metal1	10.07	338.715	999.02	338.885
FOLLOWPIN	metal1	10.07	335.915	18.05	336.085
FOLLOWPIN	metal1	10.07	333.115	18.05	333.285
FOLLOWPIN	metal1	10.07	330.315	18.05	330.485
FOLLOWPIN	metal1	10.07	327.515	18.05	327.685
FOLLOWPIN	metal1	10.07	324.715	18.05	324.885
FOLLOWPIN	metal1	10.07	321.915	18.05	322.085
FOLLOWPIN	metal1	10.07	319.115	18.05	319.285
FOLLOWPIN	metal1	10.07	316.315	18.05	316.485
FOLLOWPIN	metal1	10.07	313.515	18.05	313.685
FOLLOWPIN	metal1	10.07	310.715	18.05	310.885
FOLLOWPIN	metal1	10.07	307.915	18.05	308.085
FOLLOWPIN	metal1	10.07	305.115	18.05	305.285
FOLLOWPIN	metal1	10.07	302.315	18.05	302.485
FOLLOWPIN	metal1	10.07	299.515	18.05	299.685
FOLLOWPIN	metal1	10.07	296.715	18.05	296.885
FOLLOWPIN	metal1	10.07	293.915	18.05	294.085
FOLLOWPIN	metal1	10.07	291.115	18.05	291.285
FOLLOWPIN	metal1	10.07	288.315	18.05	288.485
FOLLOWPIN	metal1	10.07	285.515	18.05	285.685
FOLLOWPIN	metal1	10.07	282.715	18.05	282.885
FOLLOWPIN	metal1	10.07	279.915	18.05	280.085
FOLLOWPIN	metal1	10.07	277.115	18.05	277.285
FOLLOWPIN	metal1	10.07	274.315	18.05	274.485
FOLLOWPIN	metal1	10.07	271.515	18.05	271.685
FOLLOWPIN	metal1	10.07	268.715	1089.84	268.885
FOLLOWPIN	metal1	10.07	265.915	1089.84	266.085
FOLLOWPIN	metal1	10.07	263.115	1089.84	263.285
FOLLOWPIN	metal1	10.07	260.315	1089.84	260.485
FOLLOWPIN	metal1	10.07	257.515	999.02	257.685
FOLLOWPIN	metal1	10.07	254.715	999.02	254.885
FOLLOWPIN	metal1	10.07	251.915	18.05	252.085
FOLLOWPIN	metal1	10.07	249.115	18.05	249.285
FOLLOWPIN	metal1	10.07	246.315	18.05	246.485
FOLLOWPIN	metal1	10.07	243.515	18.05	243.685
FOLLOWPIN	metal1	10.07	240.715	18.05	240.885
FOLLOWPIN	metal1	10.07	237.915	18.05	238.085
FOLLOWPIN	metal1	10.07	235.115	18.05	235.285
FOLLOWPIN	metal1	10.07	232.315	18.05	232.485
FOLLOWPIN	metal1	10.07	229.515	18.05	229.685
FOLLOWPIN	metal1	10.07	226.715	18.05	226.885
FOLLOWPIN	metal1	10.07	223.915	18.05	224.085
FOLLOWPIN	metal1	10.07	221.115	18.05	221.285
FOLLOWPIN	metal1	10.07	218.315	18.05	218.485
FOLLOWPIN	metal1	10.07	215.515	18.05	215.685
FOLLOWPIN	metal1	10.07	212.715	18.05	212.885
FOLLOWPIN	metal1	10.07	209.915	18.05	210.085
FOLLOWPIN	metal1	10.07	207.115	18.05	207.285
FOLLOWPIN	metal1	10.07	204.315	18.05	204.485
FOLLOWPIN	metal1	10.07	201.515	18.05	201.685
FOLLOWPIN	metal1	10.07	198.715	18.05	198.885
FOLLOWPIN	metal1	10.07	195.915	18.05	196.085
FOLLOWPIN	metal1	10.07	193.115	18.05	193.285
FOLLOWPIN	metal1	10.07	190.315	18.05	190.485
FOLLOWPIN	metal1	10.07	187.515	18.05	187.685
FOLLOWPIN	metal1	10.07	184.715	1089.84	184.885
FOLLOWPIN	metal1	10.07	181.915	1089.84	182.085
FOLLOWPIN	metal1	10.07	179.115	1089.84	179.285
FOLLOWPIN	metal1	10.07	176.315	1089.84	176.485
FOLLOWPIN	metal1	10.07	173.515	1089.84	173.685
FOLLOWPIN	metal1	10.07	170.715	18.05	170.885
FOLLOWPIN	metal1	10.07	167.915	18.05	168.085
FOLLOWPIN	metal1	10.07	165.115	18.05	165.285
FOLLOWPIN	metal1	10.07	162.315	18.05	162.485
FOLLOWPIN	metal1	10.07	159.515	18.05	159.685
FOLLOWPIN	metal1	10.07	156.715	18.05	156.885
FOLLOWPIN	metal1	10.07	153.915	18.05	154.085
FOLLOWPIN	metal1	10.07	151.115	18.05	151.285
FOLLOWPIN	metal1	10.07	148.315	18.05	148.485
FOLLOWPIN	metal1	10.07	145.515	18.05	145.685
FOLLOWPIN	metal1	10.07	142.715	18.05	142.885
FOLLOWPIN	metal1	10.07	139.915	18.05	140.085
FOLLOWPIN	metal1	10.07	137.115	18.05	137.285
FOLLOWPIN	metal1	10.07	134.315	18.05	134.485
FOLLOWPIN	metal1	10.07	131.515	18.05	131.685
FOLLOWPIN	metal1	10.07	128.715	18.05	128.885
FOLLOWPIN	metal1	10.07	125.915	18.05	126.085
FOLLOWPIN	metal1	10.07	123.115	18.05	123.285
FOLLOWPIN	metal1	10.07	120.315	18.05	120.485
FOLLOWPIN	metal1	10.07	117.515	18.05	117.685
FOLLOWPIN	metal1	10.07	114.715	18.05	114.885
FOLLOWPIN	metal1	10.07	111.915	18.05	112.085
FOLLOWPIN	metal1	10.07	109.115	18.05	109.285
FOLLOWPIN	metal1	10.07	106.315	18.05	106.485
FOLLOWPIN	metal1	10.07	103.515	1089.84	103.685
FOLLOWPIN	metal1	10.07	100.715	1089.84	100.885
FOLLOWPIN	metal1	10.07	97.915	1089.84	98.085
FOLLOWPIN	metal1	10.07	95.115	1089.84	95.285
FOLLOWPIN	metal1	10.07	92.315	1089.84	92.485
FOLLOWPIN	metal1	10.07	89.515	1089.84	89.685
FOLLOWPIN	metal1	10.07	86.715	18.05	86.885
FOLLOWPIN	metal1	10.07	83.915	18.05	84.085
FOLLOWPIN	metal1	10.07	81.115	18.05	81.285
FOLLOWPIN	metal1	10.07	78.315	18.05	78.485
FOLLOWPIN	metal1	10.07	75.515	18.05	75.685
FOLLOWPIN	metal1	10.07	72.715	18.05	72.885
FOLLOWPIN	metal1	10.07	69.915	18.05	70.085
FOLLOWPIN	metal1	10.07	67.115	18.05	67.285
FOLLOWPIN	metal1	10.07	64.315	18.05	64.485
FOLLOWPIN	metal1	10.07	61.515	18.05	61.685
FOLLOWPIN	metal1	10.07	58.715	18.05	58.885
FOLLOWPIN	metal1	10.07	55.915	18.05	56.085
FOLLOWPIN	metal1	10.07	53.115	18.05	53.285
FOLLOWPIN	metal1	10.07	50.315	18.05	50.485
FOLLOWPIN	metal1	10.07	47.515	18.05	47.685
FOLLOWPIN	metal1	10.07	44.715	18.05	44.885
FOLLOWPIN	metal1	10.07	41.915	18.05	42.085
FOLLOWPIN	metal1	10.07	39.115	18.05	39.285
FOLLOWPIN	metal1	10.07	36.315	18.05	36.485
FOLLOWPIN	metal1	10.07	33.515	18.05	33.685
FOLLOWPIN	metal1	10.07	30.715	18.05	30.885
FOLLOWPIN	metal1	10.07	27.915	18.05	28.085
FOLLOWPIN	metal1	10.07	25.115	18.05	25.285
FOLLOWPIN	metal1	10.07	22.315	18.05	22.485
FOLLOWPIN	metal1	10.07	19.515	1089.84	19.685
FOLLOWPIN	metal1	10.07	16.715	1089.84	16.885
FOLLOWPIN	metal1	10.07	13.915	1089.84	14.085
BTERM	metal7	10.07	1085.77	236.31	1087.17
BTERM	metal7	851.83	1085.77	1089.84	1087.17
BTERM	metal7	10.07	1000.17	152.31	1001.57
BTERM	metal7	10.07	17.77	320.31	19.17
BTERM	metal7	879.83	17.77	1089.84	19.17
BTERM	metal7	10.07	1078.9	1089.84	1080.3
BTERM	metal7	10.07	1048.9	1089.84	1050.3
BTERM	metal7	10.07	1018.9	1089.84	1020.3
BTERM	metal7	10.07	988.9	1089.84	990.3
BTERM	metal7	10.07	958.9	1089.84	960.3
BTERM	metal7	10.07	928.9	1089.84	930.3
BTERM	metal7	10.07	898.9	1089.84	900.3
BTERM	metal7	10.07	868.9	1089.84	870.3
BTERM	metal7	10.07	838.9	1089.84	840.3
BTERM	metal7	10.07	808.9	1089.84	810.3
BTERM	metal7	10.07	778.9	1089.84	780.3
BTERM	metal7	10.07	748.9	1089.84	750.3
BTERM	metal7	10.07	718.9	1089.84	720.3
BTERM	metal7	10.07	688.9	1089.84	690.3
BTERM	metal7	10.07	658.9	1089.84	660.3
BTERM	metal7	10.07	628.9	1089.84	630.3
BTERM	metal7	10.07	598.9	1089.84	600.3
BTERM	metal7	10.07	568.9	1089.84	570.3
BTERM	metal7	10.07	538.9	1089.84	540.3
BTERM	metal7	10.07	508.9	1089.84	510.3
BTERM	metal7	10.07	478.9	1089.84	480.3
BTERM	metal7	10.07	448.9	1089.84	450.3
BTERM	metal7	10.07	418.9	1089.84	420.3
BTERM	metal7	10.07	388.9	1089.84	390.3
BTERM	metal7	10.07	358.9	1089.84	360.3
BTERM	metal7	10.07	328.9	1089.84	330.3
BTERM	metal7	10.07	298.9	1089.84	300.3
BTERM	metal7	10.07	268.9	1089.84	270.3
BTERM	metal7	10.07	238.9	1089.84	240.3
BTERM	metal7	10.07	208.9	1089.84	210.3
BTERM	metal7	10.07	178.9	1089.84	180.3
BTERM	metal7	10.07	148.9	1089.84	150.3
BTERM	metal7	10.07	118.9	1089.84	120.3
BTERM	metal7	10.07	88.9	1089.84	90.3
BTERM	metal7	10.07	58.9	1089.84	60.3
BTERM	metal7	10.07	28.9	1089.84	30.3
