# pdn_tcl_physical: literal add_pdn_stripe rectangles (um) clipped to layout.core; add_pdn_connect has no via coordinates in Tcl.
# core_llx	core_lly	core_urx	core_ury
#	10.000000	12.000000	1090.000000	1090.000000
# die_llx	die_lly	die_urx	die_ury
#	0.000000	0.000000	1100.000000	1100.000000
kind	grid	layer_lo	layer_hi	width_um	pitch_um	offset_um	followpins	horiz	llx	lly	urx	ury
strap	Core	metal1		0.170000	2.400000	0.000000	1	1	10.000000	12.000000	1090.000000	12.085000
strap	Core	metal1		0.170000	2.400000	0.000000	1	1	10.000000	14.315000	1090.000000	14.485000
strap	Core	metal1		0.170000	2.400000	0.000000	1	1	10.000000	16.715000	1090.000000	16.885000
strap	Core	metal1		0.170000	2.400000	0.000000	1	1	10.000000	19.115000	1090.000000	19.285000
strap	Core	metal1		0.170000	2.400000	0.000000	1	1	10.000000	21.515000	1090.000000	21.685000
strap	Core	metal1		0.170000	2.400000	0.000000	1	1	10.000000	23.915000	1090.000000	24.085000
strap	Core	metal1		0.170000	2.400000	0.000000	1	1	10.000000	26.315000	1090.000000	26.485000
strap	Core	metal1		0.170000	2.400000	0.000000	1	1	10.000000	28.715000	1090.000000	28.885000
strap	Core	metal1		0.170000	2.400000	0.000000	1	1	10.000000	31.115000	1090.000000	31.285000
strap	Core	metal1		0.170000	2.400000	0.000000	1	1	10.000000	33.515000	1090.000000	33.685000
strap	Core	metal1		0.170000	2.400000	0.000000	1	1	10.000000	35.915000	1090.000000	36.085000
strap	Core	metal1		0.170000	2.400000	0.000000	1	1	10.000000	38.315000	1090.000000	38.485000
strap	Core	metal1		0.170000	2.400000	0.000000	1	1	10.000000	40.715000	1090.000000	40.885000
strap	Core	metal1		0.170000	2.400000	0.000000	1	1	10.000000	43.115000	1090.000000	43.285000
strap	Core	metal1		0.170000	2.400000	0.000000	1	1	10.000000	45.515000	1090.000000	45.685000
strap	Core	metal1		0.170000	2.400000	0.000000	1	1	10.000000	47.915000	1090.000000	48.085000
strap	Core	metal1		0.170000	2.400000	0.000000	1	1	10.000000	50.315000	1090.000000	50.485000
strap	Core	metal1		0.170000	2.400000	0.000000	1	1	10.000000	52.715000	1090.000000	52.885000
strap	Core	metal1		0.170000	2.400000	0.000000	1	1	10.000000	55.115000	1090.000000	55.285000
strap	Core	metal1		0.170000	2.400000	0.000000	1	1	10.000000	57.515000	1090.000000	57.685000
strap	Core	metal1		0.170000	2.400000	0.000000	1	1	10.000000	59.915000	1090.000000	60.085000
strap	Core	metal1		0.170000	2.400000	0.000000	1	1	10.000000	62.315000	1090.000000	62.485000
strap	Core	metal1		0.170000	2.400000	0.000000	1	1	10.000000	64.715000	1090.000000	64.885000
strap	Core	metal1		0.170000	2.400000	0.000000	1	1	10.000000	67.115000	1090.000000	67.285000
strap	Core	metal1		0.170000	2.400000	0.000000	1	1	10.000000	69.515000	1090.000000	69.685000
strap	Core	metal1		0.170000	2.400000	0.000000	1	1	10.000000	71.915000	1090.000000	72.085000
strap	Core	metal1		0.170000	2.400000	0.000000	1	1	10.000000	74.315000	1090.000000	74.485000
strap	Core	metal1		0.170000	2.400000	0.000000	1	1	10.000000	76.715000	1090.000000	76.885000
strap	Core	metal1		0.170000	2.400000	0.000000	1	1	10.000000	79.115000	1090.000000	79.285000
strap	Core	metal1		0.170000	2.400000	0.000000	1	1	10.000000	81.515000	1090.000000	81.685000
strap	Core	metal1		0.170000	2.400000	0.000000	1	1	10.000000	83.915000	1090.000000	84.085000
strap	Core	metal1		0.170000	2.400000	0.000000	1	1	10.000000	86.315000	1090.000000	86.485000
strap	Core	metal1		0.170000	2.400000	0.000000	1	1	10.000000	88.715000	1090.000000	88.885000
strap	Core	metal1		0.170000	2.400000	0.000000	1	1	10.000000	91.115000	1090.000000	91.285000
strap	Core	metal1		0.170000	2.400000	0.000000	1	1	10.000000	93.515000	1090.000000	93.685000
strap	Core	metal1		0.170000	2.400000	0.000000	1	1	10.000000	95.915000	1090.000000	96.085000
strap	Core	metal1		0.170000	2.400000	0.000000	1	1	10.000000	98.315000	1090.000000	98.485000
strap	Core	metal1		0.170000	2.400000	0.000000	1	1	10.000000	100.715000	1090.000000	100.885000
strap	Core	metal1		0.170000	2.400000	0.000000	1	1	10.000000	103.115000	1090.000000	103.285000
strap	Core	metal1		0.170000	2.400000	0.000000	1	1	10.000000	105.515000	1090.000000	105.685000
strap	Core	metal1		0.170000	2.400000	0.000000	1	1	10.000000	107.915000	1090.000000	108.085000
strap	Core	metal1		0.170000	2.400000	0.000000	1	1	10.000000	110.315000	1090.000000	110.485000
strap	Core	metal1		0.170000	2.400000	0.000000	1	1	10.000000	112.715000	1090.000000	112.885000
strap	Core	metal1		0.170000	2.400000	0.000000	1	1	10.000000	115.115000	1090.000000	115.285000
strap	Core	metal1		0.170000	2.400000	0.000000	1	1	10.000000	117.515000	1090.000000	117.685000
strap	Core	metal1		0.170000	2.400000	0.000000	1	1	10.000000	119.915000	1090.000000	120.085000
strap	Core	metal1		0.170000	2.400000	0.000000	1	1	10.000000	122.315000	1090.000000	122.485000
strap	Core	metal1		0.170000	2.400000	0.000000	1	1	10.000000	124.715000	1090.000000	124.885000
strap	Core	metal1		0.170000	2.400000	0.000000	1	1	10.000000	127.115000	1090.000000	127.285000
strap	Core	metal1		0.170000	2.400000	0.000000	1	1	10.000000	129.515000	1090.000000	129.685000
strap	Core	metal1		0.170000	2.400000	0.000000	1	1	10.000000	131.915000	1090.000000	132.085000
strap	Core	metal1		0.170000	2.400000	0.000000	1	1	10.000000	134.315000	1090.000000	134.485000
strap	Core	metal1		0.170000	2.400000	0.000000	1	1	10.000000	136.715000	1090.000000	136.885000
strap	Core	metal1		0.170000	2.400000	0.000000	1	1	10.000000	139.115000	1090.000000	139.285000
strap	Core	metal1		0.170000	2.400000	0.000000	1	1	10.000000	141.515000	1090.000000	141.685000
strap	Core	metal1		0.170000	2.400000	0.000000	1	1	10.000000	143.915000	1090.000000	144.085000
strap	Core	metal1		0.170000	2.400000	0.000000	1	1	10.000000	146.315000	1090.000000	146.485000
strap	Core	metal1		0.170000	2.400000	0.000000	1	1	10.000000	148.715000	1090.000000	148.885000
strap	Core	metal1		0.170000	2.400000	0.000000	1	1	10.000000	151.115000	1090.000000	151.285000
strap	Core	metal1		0.170000	2.400000	0.000000	1	1	10.000000	153.515000	1090.000000	153.685000
strap	Core	metal1		0.170000	2.400000	0.000000	1	1	10.000000	155.915000	1090.000000	156.085000
strap	Core	metal1		0.170000	2.400000	0.000000	1	1	10.000000	158.315000	1090.000000	158.485000
strap	Core	metal1		0.170000	2.400000	0.000000	1	1	10.000000	160.715000	1090.000000	160.885000
strap	Core	metal1		0.170000	2.400000	0.000000	1	1	10.000000	163.115000	1090.000000	163.285000
strap	Core	metal1		0.170000	2.400000	0.000000	1	1	10.000000	165.515000	1090.000000	165.685000
strap	Core	metal1		0.170000	2.400000	0.000000	1	1	10.000000	167.915000	1090.000000	168.085000
strap	Core	metal1		0.170000	2.400000	0.000000	1	1	10.000000	170.315000	1090.000000	170.485000
strap	Core	metal1		0.170000	2.400000	0.000000	1	1	10.000000	172.715000	1090.000000	172.885000
strap	Core	metal1		0.170000	2.400000	0.000000	1	1	10.000000	175.115000	1090.000000	175.285000
strap	Core	metal1		0.170000	2.400000	0.000000	1	1	10.000000	177.515000	1090.000000	177.685000
strap	Core	metal1		0.170000	2.400000	0.000000	1	1	10.000000	179.915000	1090.000000	180.085000
strap	Core	metal1		0.170000	2.400000	0.000000	1	1	10.000000	182.315000	1090.000000	182.485000
strap	Core	metal1		0.170000	2.400000	0.000000	1	1	10.000000	184.715000	1090.000000	184.885000
strap	Core	metal1		0.170000	2.400000	0.000000	1	1	10.000000	187.115000	1090.000000	187.285000
strap	Core	metal1		0.170000	2.400000	0.000000	1	1	10.000000	189.515000	1090.000000	189.685000
strap	Core	metal1		0.170000	2.400000	0.000000	1	1	10.000000	191.915000	1090.000000	192.085000
strap	Core	metal1		0.170000	2.400000	0.000000	1	1	10.000000	194.315000	1090.000000	194.485000
strap	Core	metal1		0.170000	2.400000	0.000000	1	1	10.000000	196.715000	1090.000000	196.885000
strap	Core	metal1		0.170000	2.400000	0.000000	1	1	10.000000	199.115000	1090.000000	199.285000
strap	Core	metal1		0.170000	2.400000	0.000000	1	1	10.000000	201.515000	1090.000000	201.685000
strap	Core	metal1		0.170000	2.400000	0.000000	1	1	10.000000	203.915000	1090.000000	204.085000
strap	Core	metal1		0.170000	2.400000	0.000000	1	1	10.000000	206.315000	1090.000000	206.485000
strap	Core	metal1		0.170000	2.400000	0.000000	1	1	10.000000	208.715000	1090.000000	208.885000
strap	Core	metal1		0.170000	2.400000	0.000000	1	1	10.000000	211.115000	1090.000000	211.285000
strap	Core	metal1		0.170000	2.400000	0.000000	1	1	10.000000	213.515000	1090.000000	213.685000
strap	Core	metal1		0.170000	2.400000	0.000000	1	1	10.000000	215.915000	1090.000000	216.085000
strap	Core	metal1		0.170000	2.400000	0.000000	1	1	10.000000	218.315000	1090.000000	218.485000
strap	Core	metal1		0.170000	2.400000	0.000000	1	1	10.000000	220.715000	1090.000000	220.885000
strap	Core	metal1		0.170000	2.400000	0.000000	1	1	10.000000	223.115000	1090.000000	223.285000
strap	Core	metal1		0.170000	2.400000	0.000000	1	1	10.000000	225.515000	1090.000000	225.685000
strap	Core	metal1		0.170000	2.400000	0.000000	1	1	10.000000	227.915000	1090.000000	228.085000
strap	Core	metal1		0.170000	2.400000	0.000000	1	1	10.000000	230.315000	1090.000000	230.485000
strap	Core	metal1		0.170000	2.400000	0.000000	1	1	10.000000	232.715000	1090.000000	232.885000
strap	Core	metal1		0.170000	2.400000	0.000000	1	1	10.000000	235.115000	1090.000000	235.285000
strap	Core	metal1		0.170000	2.400000	0.000000	1	1	10.000000	237.515000	1090.000000	237.685000
strap	Core	metal1		0.170000	2.400000	0.000000	1	1	10.000000	239.915000	1090.000000	240.085000
strap	Core	metal1		0.170000	2.400000	0.000000	1	1	10.000000	242.315000	1090.000000	242.485000
strap	Core	metal1		0.170000	2.400000	0.000000	1	1	10.000000	244.715000	1090.000000	244.885000
strap	Core	metal1		0.170000	2.400000	0.000000	1	1	10.000000	247.115000	1090.000000	247.285000
strap	Core	metal1		0.170000	2.400000	0.000000	1	1	10.000000	249.515000	1090.000000	249.685000
strap	Core	metal1		0.170000	2.400000	0.000000	1	1	10.000000	251.915000	1090.000000	252.085000
strap	Core	metal1		0.170000	2.400000	0.000000	1	1	10.000000	254.315000	1090.000000	254.485000
strap	Core	metal1		0.170000	2.400000	0.000000	1	1	10.000000	256.715000	1090.000000	256.885000
strap	Core	metal1		0.170000	2.400000	0.000000	1	1	10.000000	259.115000	1090.000000	259.285000
strap	Core	metal1		0.170000	2.400000	0.000000	1	1	10.000000	261.515000	1090.000000	261.685000
strap	Core	metal1		0.170000	2.400000	0.000000	1	1	10.000000	263.915000	1090.000000	264.085000
strap	Core	metal1		0.170000	2.400000	0.000000	1	1	10.000000	266.315000	1090.000000	266.485000
strap	Core	metal1		0.170000	2.400000	0.000000	1	1	10.000000	268.715000	1090.000000	268.885000
strap	Core	metal1		0.170000	2.400000	0.000000	1	1	10.000000	271.115000	1090.000000	271.285000
strap	Core	metal1		0.170000	2.400000	0.000000	1	1	10.000000	273.515000	1090.000000	273.685000
strap	Core	metal1		0.170000	2.400000	0.000000	1	1	10.000000	275.915000	1090.000000	276.085000
strap	Core	metal1		0.170000	2.400000	0.000000	1	1	10.000000	278.315000	1090.000000	278.485000
strap	Core	metal1		0.170000	2.400000	0.000000	1	1	10.000000	280.715000	1090.000000	280.885000
strap	Core	metal1		0.170000	2.400000	0.000000	1	1	10.000000	283.115000	1090.000000	283.285000
strap	Core	metal1		0.170000	2.400000	0.000000	1	1	10.000000	285.515000	1090.000000	285.685000
strap	Core	metal1		0.170000	2.400000	0.000000	1	1	10.000000	287.915000	1090.000000	288.085000
strap	Core	metal1		0.170000	2.400000	0.000000	1	1	10.000000	290.315000	1090.000000	290.485000
strap	Core	metal1		0.170000	2.400000	0.000000	1	1	10.000000	292.715000	1090.000000	292.885000
strap	Core	metal1		0.170000	2.400000	0.000000	1	1	10.000000	295.115000	1090.000000	295.285000
strap	Core	metal1		0.170000	2.400000	0.000000	1	1	10.000000	297.515000	1090.000000	297.685000
strap	Core	metal1		0.170000	2.400000	0.000000	1	1	10.000000	299.915000	1090.000000	300.085000
strap	Core	metal1		0.170000	2.400000	0.000000	1	1	10.000000	302.315000	1090.000000	302.485000
strap	Core	metal1		0.170000	2.400000	0.000000	1	1	10.000000	304.715000	1090.000000	304.885000
strap	Core	metal1		0.170000	2.400000	0.000000	1	1	10.000000	307.115000	1090.000000	307.285000
strap	Core	metal1		0.170000	2.400000	0.000000	1	1	10.000000	309.515000	1090.000000	309.685000
strap	Core	metal1		0.170000	2.400000	0.000000	1	1	10.000000	311.915000	1090.000000	312.085000
strap	Core	metal1		0.170000	2.400000	0.000000	1	1	10.000000	314.315000	1090.000000	314.485000
strap	Core	metal1		0.170000	2.400000	0.000000	1	1	10.000000	316.715000	1090.000000	316.885000
strap	Core	metal1		0.170000	2.400000	0.000000	1	1	10.000000	319.115000	1090.000000	319.285000
strap	Core	metal1		0.170000	2.400000	0.000000	1	1	10.000000	321.515000	1090.000000	321.685000
strap	Core	metal1		0.170000	2.400000	0.000000	1	1	10.000000	323.915000	1090.000000	324.085000
strap	Core	metal1		0.170000	2.400000	0.000000	1	1	10.000000	326.315000	1090.000000	326.485000
strap	Core	metal1		0.170000	2.400000	0.000000	1	1	10.000000	328.715000	1090.000000	328.885000
strap	Core	metal1		0.170000	2.400000	0.000000	1	1	10.000000	331.115000	1090.000000	331.285000
strap	Core	metal1		0.170000	2.400000	0.000000	1	1	10.000000	333.515000	1090.000000	333.685000
strap	Core	metal1		0.170000	2.400000	0.000000	1	1	10.000000	335.915000	1090.000000	336.085000
strap	Core	metal1		0.170000	2.400000	0.000000	1	1	10.000000	338.315000	1090.000000	338.485000
strap	Core	metal1		0.170000	2.400000	0.000000	1	1	10.000000	340.715000	1090.000000	340.885000
strap	Core	metal1		0.170000	2.400000	0.000000	1	1	10.000000	343.115000	1090.000000	343.285000
strap	Core	metal1		0.170000	2.400000	0.000000	1	1	10.000000	345.515000	1090.000000	345.685000
strap	Core	metal1		0.170000	2.400000	0.000000	1	1	10.000000	347.915000	1090.000000	348.085000
strap	Core	metal1		0.170000	2.400000	0.000000	1	1	10.000000	350.315000	1090.000000	350.485000
strap	Core	metal1		0.170000	2.400000	0.000000	1	1	10.000000	352.715000	1090.000000	352.885000
strap	Core	metal1		0.170000	2.400000	0.000000	1	1	10.000000	355.115000	1090.000000	355.285000
strap	Core	metal1		0.170000	2.400000	0.000000	1	1	10.000000	357.515000	1090.000000	357.685000
strap	Core	metal1		0.170000	2.400000	0.000000	1	1	10.000000	359.915000	1090.000000	360.085000
strap	Core	metal1		0.170000	2.400000	0.000000	1	1	10.000000	362.315000	1090.000000	362.485000
strap	Core	metal1		0.170000	2.400000	0.000000	1	1	10.000000	364.715000	1090.000000	364.885000
strap	Core	metal1		0.170000	2.400000	0.000000	1	1	10.000000	367.115000	1090.000000	367.285000
strap	Core	metal1		0.170000	2.400000	0.000000	1	1	10.000000	369.515000	1090.000000	369.685000
strap	Core	metal1		0.170000	2.400000	0.000000	1	1	10.000000	371.915000	1090.000000	372.085000
strap	Core	metal1		0.170000	2.400000	0.000000	1	1	10.000000	374.315000	1090.000000	374.485000
strap	Core	metal1		0.170000	2.400000	0.000000	1	1	10.000000	376.715000	1090.000000	376.885000
strap	Core	metal1		0.170000	2.400000	0.000000	1	1	10.000000	379.115000	1090.000000	379.285000
strap	Core	metal1		0.170000	2.400000	0.000000	1	1	10.000000	381.515000	1090.000000	381.685000
strap	Core	metal1		0.170000	2.400000	0.000000	1	1	10.000000	383.915000	1090.000000	384.085000
strap	Core	metal1		0.170000	2.400000	0.000000	1	1	10.000000	386.315000	1090.000000	386.485000
strap	Core	metal1		0.170000	2.400000	0.000000	1	1	10.000000	388.715000	1090.000000	388.885000
strap	Core	metal1		0.170000	2.400000	0.000000	1	1	10.000000	391.115000	1090.000000	391.285000
strap	Core	metal1		0.170000	2.400000	0.000000	1	1	10.000000	393.515000	1090.000000	393.685000
strap	Core	metal1		0.170000	2.400000	0.000000	1	1	10.000000	395.915000	1090.000000	396.085000
strap	Core	metal1		0.170000	2.400000	0.000000	1	1	10.000000	398.315000	1090.000000	398.485000
strap	Core	metal1		0.170000	2.400000	0.000000	1	1	10.000000	400.715000	1090.000000	400.885000
strap	Core	metal1		0.170000	2.400000	0.000000	1	1	10.000000	403.115000	1090.000000	403.285000
strap	Core	metal1		0.170000	2.400000	0.000000	1	1	10.000000	405.515000	1090.000000	405.685000
strap	Core	metal1		0.170000	2.400000	0.000000	1	1	10.000000	407.915000	1090.000000	408.085000
strap	Core	metal1		0.170000	2.400000	0.000000	1	1	10.000000	410.315000	1090.000000	410.485000
strap	Core	metal1		0.170000	2.400000	0.000000	1	1	10.000000	412.715000	1090.000000	412.885000
strap	Core	metal1		0.170000	2.400000	0.000000	1	1	10.000000	415.115000	1090.000000	415.285000
strap	Core	metal1		0.170000	2.400000	0.000000	1	1	10.000000	417.515000	1090.000000	417.685000
strap	Core	metal1		0.170000	2.400000	0.000000	1	1	10.000000	419.915000	1090.000000	420.085000
strap	Core	metal1		0.170000	2.400000	0.000000	1	1	10.000000	422.315000	1090.000000	422.485000
strap	Core	metal1		0.170000	2.400000	0.000000	1	1	10.000000	424.715000	1090.000000	424.885000
strap	Core	metal1		0.170000	2.400000	0.000000	1	1	10.000000	427.115000	1090.000000	427.285000
strap	Core	metal1		0.170000	2.400000	0.000000	1	1	10.000000	429.515000	1090.000000	429.685000
strap	Core	metal1		0.170000	2.400000	0.000000	1	1	10.000000	431.915000	1090.000000	432.085000
strap	Core	metal1		0.170000	2.400000	0.000000	1	1	10.000000	434.315000	1090.000000	434.485000
strap	Core	metal1		0.170000	2.400000	0.000000	1	1	10.000000	436.715000	1090.000000	436.885000
strap	Core	metal1		0.170000	2.400000	0.000000	1	1	10.000000	439.115000	1090.000000	439.285000
strap	Core	metal1		0.170000	2.400000	0.000000	1	1	10.000000	441.515000	1090.000000	441.685000
strap	Core	metal1		0.170000	2.400000	0.000000	1	1	10.000000	443.915000	1090.000000	444.085000
strap	Core	metal1		0.170000	2.400000	0.000000	1	1	10.000000	446.315000	1090.000000	446.485000
strap	Core	metal1		0.170000	2.400000	0.000000	1	1	10.000000	448.715000	1090.000000	448.885000
strap	Core	metal1		0.170000	2.400000	0.000000	1	1	10.000000	451.115000	1090.000000	451.285000
strap	Core	metal1		0.170000	2.400000	0.000000	1	1	10.000000	453.515000	1090.000000	453.685000
strap	Core	metal1		0.170000	2.400000	0.000000	1	1	10.000000	455.915000	1090.000000	456.085000
strap	Core	metal1		0.170000	2.400000	0.000000	1	1	10.000000	458.315000	1090.000000	458.485000
strap	Core	metal1		0.170000	2.400000	0.000000	1	1	10.000000	460.715000	1090.000000	460.885000
strap	Core	metal1		0.170000	2.400000	0.000000	1	1	10.000000	463.115000	1090.000000	463.285000
strap	Core	metal1		0.170000	2.400000	0.000000	1	1	10.000000	465.515000	1090.000000	465.685000
strap	Core	metal1		0.170000	2.400000	0.000000	1	1	10.000000	467.915000	1090.000000	468.085000
strap	Core	metal1		0.170000	2.400000	0.000000	1	1	10.000000	470.315000	1090.000000	470.485000
strap	Core	metal1		0.170000	2.400000	0.000000	1	1	10.000000	472.715000	1090.000000	472.885000
strap	Core	metal1		0.170000	2.400000	0.000000	1	1	10.000000	475.115000	1090.000000	475.285000
strap	Core	metal1		0.170000	2.400000	0.000000	1	1	10.000000	477.515000	1090.000000	477.685000
strap	Core	metal1		0.170000	2.400000	0.000000	1	1	10.000000	479.915000	1090.000000	480.085000
strap	Core	metal1		0.170000	2.400000	0.000000	1	1	10.000000	482.315000	1090.000000	482.485000
strap	Core	metal1		0.170000	2.400000	0.000000	1	1	10.000000	484.715000	1090.000000	484.885000
strap	Core	metal1		0.170000	2.400000	0.000000	1	1	10.000000	487.115000	1090.000000	487.285000
strap	Core	metal1		0.170000	2.400000	0.000000	1	1	10.000000	489.515000	1090.000000	489.685000
strap	Core	metal1		0.170000	2.400000	0.000000	1	1	10.000000	491.915000	1090.000000	492.085000
strap	Core	metal1		0.170000	2.400000	0.000000	1	1	10.000000	494.315000	1090.000000	494.485000
strap	Core	metal1		0.170000	2.400000	0.000000	1	1	10.000000	496.715000	1090.000000	496.885000
strap	Core	metal1		0.170000	2.400000	0.000000	1	1	10.000000	499.115000	1090.000000	499.285000
strap	Core	metal1		0.170000	2.400000	0.000000	1	1	10.000000	501.515000	1090.000000	501.685000
strap	Core	metal1		0.170000	2.400000	0.000000	1	1	10.000000	503.915000	1090.000000	504.085000
strap	Core	metal1		0.170000	2.400000	0.000000	1	1	10.000000	506.315000	1090.000000	506.485000
strap	Core	metal1		0.170000	2.400000	0.000000	1	1	10.000000	508.715000	1090.000000	508.885000
strap	Core	metal1		0.170000	2.400000	0.000000	1	1	10.000000	511.115000	1090.000000	511.285000
strap	Core	metal1		0.170000	2.400000	0.000000	1	1	10.000000	513.515000	1090.000000	513.685000
strap	Core	metal1		0.170000	2.400000	0.000000	1	1	10.000000	515.915000	1090.000000	516.085000
strap	Core	metal1		0.170000	2.400000	0.000000	1	1	10.000000	518.315000	1090.000000	518.485000
strap	Core	metal1		0.170000	2.400000	0.000000	1	1	10.000000	520.715000	1090.000000	520.885000
strap	Core	metal1		0.170000	2.400000	0.000000	1	1	10.000000	523.115000	1090.000000	523.285000
strap	Core	metal1		0.170000	2.400000	0.000000	1	1	10.000000	525.515000	1090.000000	525.685000
strap	Core	metal1		0.170000	2.400000	0.000000	1	1	10.000000	527.915000	1090.000000	528.085000
strap	Core	metal1		0.170000	2.400000	0.000000	1	1	10.000000	530.315000	1090.000000	530.485000
strap	Core	metal1		0.170000	2.400000	0.000000	1	1	10.000000	532.715000	1090.000000	532.885000
strap	Core	metal1		0.170000	2.400000	0.000000	1	1	10.000000	535.115000	1090.000000	535.285000
strap	Core	metal1		0.170000	2.400000	0.000000	1	1	10.000000	537.515000	1090.000000	537.685000
strap	Core	metal1		0.170000	2.400000	0.000000	1	1	10.000000	539.915000	1090.000000	540.085000
strap	Core	metal1		0.170000	2.400000	0.000000	1	1	10.000000	542.315000	1090.000000	542.485000
strap	Core	metal1		0.170000	2.400000	0.000000	1	1	10.000000	544.715000	1090.000000	544.885000
strap	Core	metal1		0.170000	2.400000	0.000000	1	1	10.000000	547.115000	1090.000000	547.285000
strap	Core	metal1		0.170000	2.400000	0.000000	1	1	10.000000	549.515000	1090.000000	549.685000
strap	Core	metal1		0.170000	2.400000	0.000000	1	1	10.000000	551.915000	1090.000000	552.085000
strap	Core	metal1		0.170000	2.400000	0.000000	1	1	10.000000	554.315000	1090.000000	554.485000
strap	Core	metal1		0.170000	2.400000	0.000000	1	1	10.000000	556.715000	1090.000000	556.885000
strap	Core	metal1		0.170000	2.400000	0.000000	1	1	10.000000	559.115000	1090.000000	559.285000
strap	Core	metal1		0.170000	2.400000	0.000000	1	1	10.000000	561.515000	1090.000000	561.685000
strap	Core	metal1		0.170000	2.400000	0.000000	1	1	10.000000	563.915000	1090.000000	564.085000
strap	Core	metal1		0.170000	2.400000	0.000000	1	1	10.000000	566.315000	1090.000000	566.485000
strap	Core	metal1		0.170000	2.400000	0.000000	1	1	10.000000	568.715000	1090.000000	568.885000
strap	Core	metal1		0.170000	2.400000	0.000000	1	1	10.000000	571.115000	1090.000000	571.285000
strap	Core	metal1		0.170000	2.400000	0.000000	1	1	10.000000	573.515000	1090.000000	573.685000
strap	Core	metal1		0.170000	2.400000	0.000000	1	1	10.000000	575.915000	1090.000000	576.085000
strap	Core	metal1		0.170000	2.400000	0.000000	1	1	10.000000	578.315000	1090.000000	578.485000
strap	Core	metal1		0.170000	2.400000	0.000000	1	1	10.000000	580.715000	1090.000000	580.885000
strap	Core	metal1		0.170000	2.400000	0.000000	1	1	10.000000	583.115000	1090.000000	583.285000
strap	Core	metal1		0.170000	2.400000	0.000000	1	1	10.000000	585.515000	1090.000000	585.685000
strap	Core	metal1		0.170000	2.400000	0.000000	1	1	10.000000	587.915000	1090.000000	588.085000
strap	Core	metal1		0.170000	2.400000	0.000000	1	1	10.000000	590.315000	1090.000000	590.485000
strap	Core	metal1		0.170000	2.400000	0.000000	1	1	10.000000	592.715000	1090.000000	592.885000
strap	Core	metal1		0.170000	2.400000	0.000000	1	1	10.000000	595.115000	1090.000000	595.285000
strap	Core	metal1		0.170000	2.400000	0.000000	1	1	10.000000	597.515000	1090.000000	597.685000
strap	Core	metal1		0.170000	2.400000	0.000000	1	1	10.000000	599.915000	1090.000000	600.085000
strap	Core	metal1		0.170000	2.400000	0.000000	1	1	10.000000	602.315000	1090.000000	602.485000
strap	Core	metal1		0.170000	2.400000	0.000000	1	1	10.000000	604.715000	1090.000000	604.885000
strap	Core	metal1		0.170000	2.400000	0.000000	1	1	10.000000	607.115000	1090.000000	607.285000
strap	Core	metal1		0.170000	2.400000	0.000000	1	1	10.000000	609.515000	1090.000000	609.685000
strap	Core	metal1		0.170000	2.400000	0.000000	1	1	10.000000	611.915000	1090.000000	612.085000
strap	Core	metal1		0.170000	2.400000	0.000000	1	1	10.000000	614.315000	1090.000000	614.485000
strap	Core	metal1		0.170000	2.400000	0.000000	1	1	10.000000	616.715000	1090.000000	616.885000
strap	Core	metal1		0.170000	2.400000	0.000000	1	1	10.000000	619.115000	1090.000000	619.285000
strap	Core	metal1		0.170000	2.400000	0.000000	1	1	10.000000	621.515000	1090.000000	621.685000
strap	Core	metal1		0.170000	2.400000	0.000000	1	1	10.000000	623.915000	1090.000000	624.085000
strap	Core	metal1		0.170000	2.400000	0.000000	1	1	10.000000	626.315000	1090.000000	626.485000
strap	Core	metal1		0.170000	2.400000	0.000000	1	1	10.000000	628.715000	1090.000000	628.885000
strap	Core	metal1		0.170000	2.400000	0.000000	1	1	10.000000	631.115000	1090.000000	631.285000
strap	Core	metal1		0.170000	2.400000	0.000000	1	1	10.000000	633.515000	1090.000000	633.685000
strap	Core	metal1		0.170000	2.400000	0.000000	1	1	10.000000	635.915000	1090.000000	636.085000
strap	Core	metal1		0.170000	2.400000	0.000000	1	1	10.000000	638.315000	1090.000000	638.485000
strap	Core	metal1		0.170000	2.400000	0.000000	1	1	10.000000	640.715000	1090.000000	640.885000
strap	Core	metal1		0.170000	2.400000	0.000000	1	1	10.000000	643.115000	1090.000000	643.285000
strap	Core	metal1		0.170000	2.400000	0.000000	1	1	10.000000	645.515000	1090.000000	645.685000
strap	Core	metal1		0.170000	2.400000	0.000000	1	1	10.000000	647.915000	1090.000000	648.085000
strap	Core	metal1		0.170000	2.400000	0.000000	1	1	10.000000	650.315000	1090.000000	650.485000
strap	Core	metal1		0.170000	2.400000	0.000000	1	1	10.000000	652.715000	1090.000000	652.885000
strap	Core	metal1		0.170000	2.400000	0.000000	1	1	10.000000	655.115000	1090.000000	655.285000
strap	Core	metal1		0.170000	2.400000	0.000000	1	1	10.000000	657.515000	1090.000000	657.685000
strap	Core	metal1		0.170000	2.400000	0.000000	1	1	10.000000	659.915000	1090.000000	660.085000
strap	Core	metal1		0.170000	2.400000	0.000000	1	1	10.000000	662.315000	1090.000000	662.485000
strap	Core	metal1		0.170000	2.400000	0.000000	1	1	10.000000	664.715000	1090.000000	664.885000
strap	Core	metal1		0.170000	2.400000	0.000000	1	1	10.000000	667.115000	1090.000000	667.285000
strap	Core	metal1		0.170000	2.400000	0.000000	1	1	10.000000	669.515000	1090.000000	669.685000
strap	Core	metal1		0.170000	2.400000	0.000000	1	1	10.000000	671.915000	1090.000000	672.085000
strap	Core	metal1		0.170000	2.400000	0.000000	1	1	10.000000	674.315000	1090.000000	674.485000
strap	Core	metal1		0.170000	2.400000	0.000000	1	1	10.000000	676.715000	1090.000000	676.885000
strap	Core	metal1		0.170000	2.400000	0.000000	1	1	10.000000	679.115000	1090.000000	679.285000
strap	Core	metal1		0.170000	2.400000	0.000000	1	1	10.000000	681.515000	1090.000000	681.685000
strap	Core	metal1		0.170000	2.400000	0.000000	1	1	10.000000	683.915000	1090.000000	684.085000
strap	Core	metal1		0.170000	2.400000	0.000000	1	1	10.000000	686.315000	1090.000000	686.485000
strap	Core	metal1		0.170000	2.400000	0.000000	1	1	10.000000	688.715000	1090.000000	688.885000
strap	Core	metal1		0.170000	2.400000	0.000000	1	1	10.000000	691.115000	1090.000000	691.285000
strap	Core	metal1		0.170000	2.400000	0.000000	1	1	10.000000	693.515000	1090.000000	693.685000
strap	Core	metal1		0.170000	2.400000	0.000000	1	1	10.000000	695.915000	1090.000000	696.085000
strap	Core	metal1		0.170000	2.400000	0.000000	1	1	10.000000	698.315000	1090.000000	698.485000
strap	Core	metal1		0.170000	2.400000	0.000000	1	1	10.000000	700.715000	1090.000000	700.885000
strap	Core	metal1		0.170000	2.400000	0.000000	1	1	10.000000	703.115000	1090.000000	703.285000
strap	Core	metal1		0.170000	2.400000	0.000000	1	1	10.000000	705.515000	1090.000000	705.685000
strap	Core	metal1		0.170000	2.400000	0.000000	1	1	10.000000	707.915000	1090.000000	708.085000
strap	Core	metal1		0.170000	2.400000	0.000000	1	1	10.000000	710.315000	1090.000000	710.485000
strap	Core	metal1		0.170000	2.400000	0.000000	1	1	10.000000	712.715000	1090.000000	712.885000
strap	Core	metal1		0.170000	2.400000	0.000000	1	1	10.000000	715.115000	1090.000000	715.285000
strap	Core	metal1		0.170000	2.400000	0.000000	1	1	10.000000	717.515000	1090.000000	717.685000
strap	Core	metal1		0.170000	2.400000	0.000000	1	1	10.000000	719.915000	1090.000000	720.085000
strap	Core	metal1		0.170000	2.400000	0.000000	1	1	10.000000	722.315000	1090.000000	722.485000
strap	Core	metal1		0.170000	2.400000	0.000000	1	1	10.000000	724.715000	1090.000000	724.885000
strap	Core	metal1		0.170000	2.400000	0.000000	1	1	10.000000	727.115000	1090.000000	727.285000
strap	Core	metal1		0.170000	2.400000	0.000000	1	1	10.000000	729.515000	1090.000000	729.685000
strap	Core	metal1		0.170000	2.400000	0.000000	1	1	10.000000	731.915000	1090.000000	732.085000
strap	Core	metal1		0.170000	2.400000	0.000000	1	1	10.000000	734.315000	1090.000000	734.485000
strap	Core	metal1		0.170000	2.400000	0.000000	1	1	10.000000	736.715000	1090.000000	736.885000
strap	Core	metal1		0.170000	2.400000	0.000000	1	1	10.000000	739.115000	1090.000000	739.285000
strap	Core	metal1		0.170000	2.400000	0.000000	1	1	10.000000	741.515000	1090.000000	741.685000
strap	Core	metal1		0.170000	2.400000	0.000000	1	1	10.000000	743.915000	1090.000000	744.085000
strap	Core	metal1		0.170000	2.400000	0.000000	1	1	10.000000	746.315000	1090.000000	746.485000
strap	Core	metal1		0.170000	2.400000	0.000000	1	1	10.000000	748.715000	1090.000000	748.885000
strap	Core	metal1		0.170000	2.400000	0.000000	1	1	10.000000	751.115000	1090.000000	751.285000
strap	Core	metal1		0.170000	2.400000	0.000000	1	1	10.000000	753.515000	1090.000000	753.685000
strap	Core	metal1		0.170000	2.400000	0.000000	1	1	10.000000	755.915000	1090.000000	756.085000
strap	Core	metal1		0.170000	2.400000	0.000000	1	1	10.000000	758.315000	1090.000000	758.485000
strap	Core	metal1		0.170000	2.400000	0.000000	1	1	10.000000	760.715000	1090.000000	760.885000
strap	Core	metal1		0.170000	2.400000	0.000000	1	1	10.000000	763.115000	1090.000000	763.285000
strap	Core	metal1		0.170000	2.400000	0.000000	1	1	10.000000	765.515000	1090.000000	765.685000
strap	Core	metal1		0.170000	2.400000	0.000000	1	1	10.000000	767.915000	1090.000000	768.085000
strap	Core	metal1		0.170000	2.400000	0.000000	1	1	10.000000	770.315000	1090.000000	770.485000
strap	Core	metal1		0.170000	2.400000	0.000000	1	1	10.000000	772.715000	1090.000000	772.885000
strap	Core	metal1		0.170000	2.400000	0.000000	1	1	10.000000	775.115000	1090.000000	775.285000
strap	Core	metal1		0.170000	2.400000	0.000000	1	1	10.000000	777.515000	1090.000000	777.685000
strap	Core	metal1		0.170000	2.400000	0.000000	1	1	10.000000	779.915000	1090.000000	780.085000
strap	Core	metal1		0.170000	2.400000	0.000000	1	1	10.000000	782.315000	1090.000000	782.485000
strap	Core	metal1		0.170000	2.400000	0.000000	1	1	10.000000	784.715000	1090.000000	784.885000
strap	Core	metal1		0.170000	2.400000	0.000000	1	1	10.000000	787.115000	1090.000000	787.285000
strap	Core	metal1		0.170000	2.400000	0.000000	1	1	10.000000	789.515000	1090.000000	789.685000
strap	Core	metal1		0.170000	2.400000	0.000000	1	1	10.000000	791.915000	1090.000000	792.085000
strap	Core	metal1		0.170000	2.400000	0.000000	1	1	10.000000	794.315000	1090.000000	794.485000
strap	Core	metal1		0.170000	2.400000	0.000000	1	1	10.000000	796.715000	1090.000000	796.885000
strap	Core	metal1		0.170000	2.400000	0.000000	1	1	10.000000	799.115000	1090.000000	799.285000
strap	Core	metal1		0.170000	2.400000	0.000000	1	1	10.000000	801.515000	1090.000000	801.685000
strap	Core	metal1		0.170000	2.400000	0.000000	1	1	10.000000	803.915000	1090.000000	804.085000
strap	Core	metal1		0.170000	2.400000	0.000000	1	1	10.000000	806.315000	1090.000000	806.485000
strap	Core	metal1		0.170000	2.400000	0.000000	1	1	10.000000	808.715000	1090.000000	808.885000
strap	Core	metal1		0.170000	2.400000	0.000000	1	1	10.000000	811.115000	1090.000000	811.285000
strap	Core	metal1		0.170000	2.400000	0.000000	1	1	10.000000	813.515000	1090.000000	813.685000
strap	Core	metal1		0.170000	2.400000	0.000000	1	1	10.000000	815.915000	1090.000000	816.085000
strap	Core	metal1		0.170000	2.400000	0.000000	1	1	10.000000	818.315000	1090.000000	818.485000
strap	Core	metal1		0.170000	2.400000	0.000000	1	1	10.000000	820.715000	1090.000000	820.885000
strap	Core	metal1		0.170000	2.400000	0.000000	1	1	10.000000	823.115000	1090.000000	823.285000
strap	Core	metal1		0.170000	2.400000	0.000000	1	1	10.000000	825.515000	1090.000000	825.685000
strap	Core	metal1		0.170000	2.400000	0.000000	1	1	10.000000	827.915000	1090.000000	828.085000
strap	Core	metal1		0.170000	2.400000	0.000000	1	1	10.000000	830.315000	1090.000000	830.485000
strap	Core	metal1		0.170000	2.400000	0.000000	1	1	10.000000	832.715000	1090.000000	832.885000
strap	Core	metal1		0.170000	2.400000	0.000000	1	1	10.000000	835.115000	1090.000000	835.285000
strap	Core	metal1		0.170000	2.400000	0.000000	1	1	10.000000	837.515000	1090.000000	837.685000
strap	Core	metal1		0.170000	2.400000	0.000000	1	1	10.000000	839.915000	1090.000000	840.085000
strap	Core	metal1		0.170000	2.400000	0.000000	1	1	10.000000	842.315000	1090.000000	842.485000
strap	Core	metal1		0.170000	2.400000	0.000000	1	1	10.000000	844.715000	1090.000000	844.885000
strap	Core	metal1		0.170000	2.400000	0.000000	1	1	10.000000	847.115000	1090.000000	847.285000
strap	Core	metal1		0.170000	2.400000	0.000000	1	1	10.000000	849.515000	1090.000000	849.685000
strap	Core	metal1		0.170000	2.400000	0.000000	1	1	10.000000	851.915000	1090.000000	852.085000
strap	Core	metal1		0.170000	2.400000	0.000000	1	1	10.000000	854.315000	1090.000000	854.485000
strap	Core	metal1		0.170000	2.400000	0.000000	1	1	10.000000	856.715000	1090.000000	856.885000
strap	Core	metal1		0.170000	2.400000	0.000000	1	1	10.000000	859.115000	1090.000000	859.285000
strap	Core	metal1		0.170000	2.400000	0.000000	1	1	10.000000	861.515000	1090.000000	861.685000
strap	Core	metal1		0.170000	2.400000	0.000000	1	1	10.000000	863.915000	1090.000000	864.085000
strap	Core	metal1		0.170000	2.400000	0.000000	1	1	10.000000	866.315000	1090.000000	866.485000
strap	Core	metal1		0.170000	2.400000	0.000000	1	1	10.000000	868.715000	1090.000000	868.885000
strap	Core	metal1		0.170000	2.400000	0.000000	1	1	10.000000	871.115000	1090.000000	871.285000
strap	Core	metal1		0.170000	2.400000	0.000000	1	1	10.000000	873.515000	1090.000000	873.685000
strap	Core	metal1		0.170000	2.400000	0.000000	1	1	10.000000	875.915000	1090.000000	876.085000
strap	Core	metal1		0.170000	2.400000	0.000000	1	1	10.000000	878.315000	1090.000000	878.485000
strap	Core	metal1		0.170000	2.400000	0.000000	1	1	10.000000	880.715000	1090.000000	880.885000
strap	Core	metal1		0.170000	2.400000	0.000000	1	1	10.000000	883.115000	1090.000000	883.285000
strap	Core	metal1		0.170000	2.400000	0.000000	1	1	10.000000	885.515000	1090.000000	885.685000
strap	Core	metal1		0.170000	2.400000	0.000000	1	1	10.000000	887.915000	1090.000000	888.085000
strap	Core	metal1		0.170000	2.400000	0.000000	1	1	10.000000	890.315000	1090.000000	890.485000
strap	Core	metal1		0.170000	2.400000	0.000000	1	1	10.000000	892.715000	1090.000000	892.885000
strap	Core	metal1		0.170000	2.400000	0.000000	1	1	10.000000	895.115000	1090.000000	895.285000
strap	Core	metal1		0.170000	2.400000	0.000000	1	1	10.000000	897.515000	1090.000000	897.685000
strap	Core	metal1		0.170000	2.400000	0.000000	1	1	10.000000	899.915000	1090.000000	900.085000
strap	Core	metal1		0.170000	2.400000	0.000000	1	1	10.000000	902.315000	1090.000000	902.485000
strap	Core	metal1		0.170000	2.400000	0.000000	1	1	10.000000	904.715000	1090.000000	904.885000
strap	Core	metal1		0.170000	2.400000	0.000000	1	1	10.000000	907.115000	1090.000000	907.285000
strap	Core	metal1		0.170000	2.400000	0.000000	1	1	10.000000	909.515000	1090.000000	909.685000
strap	Core	metal1		0.170000	2.400000	0.000000	1	1	10.000000	911.915000	1090.000000	912.085000
strap	Core	metal1		0.170000	2.400000	0.000000	1	1	10.000000	914.315000	1090.000000	914.485000
strap	Core	metal1		0.170000	2.400000	0.000000	1	1	10.000000	916.715000	1090.000000	916.885000
strap	Core	metal1		0.170000	2.400000	0.000000	1	1	10.000000	919.115000	1090.000000	919.285000
strap	Core	metal1		0.170000	2.400000	0.000000	1	1	10.000000	921.515000	1090.000000	921.685000
strap	Core	metal1		0.170000	2.400000	0.000000	1	1	10.000000	923.915000	1090.000000	924.085000
strap	Core	metal1		0.170000	2.400000	0.000000	1	1	10.000000	926.315000	1090.000000	926.485000
strap	Core	metal1		0.170000	2.400000	0.000000	1	1	10.000000	928.715000	1090.000000	928.885000
strap	Core	metal1		0.170000	2.400000	0.000000	1	1	10.000000	931.115000	1090.000000	931.285000
strap	Core	metal1		0.170000	2.400000	0.000000	1	1	10.000000	933.515000	1090.000000	933.685000
strap	Core	metal1		0.170000	2.400000	0.000000	1	1	10.000000	935.915000	1090.000000	936.085000
strap	Core	metal1		0.170000	2.400000	0.000000	1	1	10.000000	938.315000	1090.000000	938.485000
strap	Core	metal1		0.170000	2.400000	0.000000	1	1	10.000000	940.715000	1090.000000	940.885000
strap	Core	metal1		0.170000	2.400000	0.000000	1	1	10.000000	943.115000	1090.000000	943.285000
strap	Core	metal1		0.170000	2.400000	0.000000	1	1	10.000000	945.515000	1090.000000	945.685000
strap	Core	metal1		0.170000	2.400000	0.000000	1	1	10.000000	947.915000	1090.000000	948.085000
strap	Core	metal1		0.170000	2.400000	0.000000	1	1	10.000000	950.315000	1090.000000	950.485000
strap	Core	metal1		0.170000	2.400000	0.000000	1	1	10.000000	952.715000	1090.000000	952.885000
strap	Core	metal1		0.170000	2.400000	0.000000	1	1	10.000000	955.115000	1090.000000	955.285000
strap	Core	metal1		0.170000	2.400000	0.000000	1	1	10.000000	957.515000	1090.000000	957.685000
strap	Core	metal1		0.170000	2.400000	0.000000	1	1	10.000000	959.915000	1090.000000	960.085000
strap	Core	metal1		0.170000	2.400000	0.000000	1	1	10.000000	962.315000	1090.000000	962.485000
strap	Core	metal1		0.170000	2.400000	0.000000	1	1	10.000000	964.715000	1090.000000	964.885000
strap	Core	metal1		0.170000	2.400000	0.000000	1	1	10.000000	967.115000	1090.000000	967.285000
strap	Core	metal1		0.170000	2.400000	0.000000	1	1	10.000000	969.515000	1090.000000	969.685000
strap	Core	metal1		0.170000	2.400000	0.000000	1	1	10.000000	971.915000	1090.000000	972.085000
strap	Core	metal1		0.170000	2.400000	0.000000	1	1	10.000000	974.315000	1090.000000	974.485000
strap	Core	metal1		0.170000	2.400000	0.000000	1	1	10.000000	976.715000	1090.000000	976.885000
strap	Core	metal1		0.170000	2.400000	0.000000	1	1	10.000000	979.115000	1090.000000	979.285000
strap	Core	metal1		0.170000	2.400000	0.000000	1	1	10.000000	981.515000	1090.000000	981.685000
strap	Core	metal1		0.170000	2.400000	0.000000	1	1	10.000000	983.915000	1090.000000	984.085000
strap	Core	metal1		0.170000	2.400000	0.000000	1	1	10.000000	986.315000	1090.000000	986.485000
strap	Core	metal1		0.170000	2.400000	0.000000	1	1	10.000000	988.715000	1090.000000	988.885000
strap	Core	metal1		0.170000	2.400000	0.000000	1	1	10.000000	991.115000	1090.000000	991.285000
strap	Core	metal1		0.170000	2.400000	0.000000	1	1	10.000000	993.515000	1090.000000	993.685000
strap	Core	metal1		0.170000	2.400000	0.000000	1	1	10.000000	995.915000	1090.000000	996.085000
strap	Core	metal1		0.170000	2.400000	0.000000	1	1	10.000000	998.315000	1090.000000	998.485000
strap	Core	metal1		0.170000	2.400000	0.000000	1	1	10.000000	1000.715000	1090.000000	1000.885000
strap	Core	metal1		0.170000	2.400000	0.000000	1	1	10.000000	1003.115000	1090.000000	1003.285000
strap	Core	metal1		0.170000	2.400000	0.000000	1	1	10.000000	1005.515000	1090.000000	1005.685000
strap	Core	metal1		0.170000	2.400000	0.000000	1	1	10.000000	1007.915000	1090.000000	1008.085000
strap	Core	metal1		0.170000	2.400000	0.000000	1	1	10.000000	1010.315000	1090.000000	1010.485000
strap	Core	metal1		0.170000	2.400000	0.000000	1	1	10.000000	1012.715000	1090.000000	1012.885000
strap	Core	metal1		0.170000	2.400000	0.000000	1	1	10.000000	1015.115000	1090.000000	1015.285000
strap	Core	metal1		0.170000	2.400000	0.000000	1	1	10.000000	1017.515000	1090.000000	1017.685000
strap	Core	metal1		0.170000	2.400000	0.000000	1	1	10.000000	1019.915000	1090.000000	1020.085000
strap	Core	metal1		0.170000	2.400000	0.000000	1	1	10.000000	1022.315000	1090.000000	1022.485000
strap	Core	metal1		0.170000	2.400000	0.000000	1	1	10.000000	1024.715000	1090.000000	1024.885000
strap	Core	metal1		0.170000	2.400000	0.000000	1	1	10.000000	1027.115000	1090.000000	1027.285000
strap	Core	metal1		0.170000	2.400000	0.000000	1	1	10.000000	1029.515000	1090.000000	1029.685000
strap	Core	metal1		0.170000	2.400000	0.000000	1	1	10.000000	1031.915000	1090.000000	1032.085000
strap	Core	metal1		0.170000	2.400000	0.000000	1	1	10.000000	1034.315000	1090.000000	1034.485000
strap	Core	metal1		0.170000	2.400000	0.000000	1	1	10.000000	1036.715000	1090.000000	1036.885000
strap	Core	metal1		0.170000	2.400000	0.000000	1	1	10.000000	1039.115000	1090.000000	1039.285000
strap	Core	metal1		0.170000	2.400000	0.000000	1	1	10.000000	1041.515000	1090.000000	1041.685000
strap	Core	metal1		0.170000	2.400000	0.000000	1	1	10.000000	1043.915000	1090.000000	1044.085000
strap	Core	metal1		0.170000	2.400000	0.000000	1	1	10.000000	1046.315000	1090.000000	1046.485000
strap	Core	metal1		0.170000	2.400000	0.000000	1	1	10.000000	1048.715000	1090.000000	1048.885000
strap	Core	metal1		0.170000	2.400000	0.000000	1	1	10.000000	1051.115000	1090.000000	1051.285000
strap	Core	metal1		0.170000	2.400000	0.000000	1	1	10.000000	1053.515000	1090.000000	1053.685000
strap	Core	metal1		0.170000	2.400000	0.000000	1	1	10.000000	1055.915000	1090.000000	1056.085000
strap	Core	metal1		0.170000	2.400000	0.000000	1	1	10.000000	1058.315000	1090.000000	1058.485000
strap	Core	metal1		0.170000	2.400000	0.000000	1	1	10.000000	1060.715000	1090.000000	1060.885000
strap	Core	metal1		0.170000	2.400000	0.000000	1	1	10.000000	1063.115000	1090.000000	1063.285000
strap	Core	metal1		0.170000	2.400000	0.000000	1	1	10.000000	1065.515000	1090.000000	1065.685000
strap	Core	metal1		0.170000	2.400000	0.000000	1	1	10.000000	1067.915000	1090.000000	1068.085000
strap	Core	metal1		0.170000	2.400000	0.000000	1	1	10.000000	1070.315000	1090.000000	1070.485000
strap	Core	metal1		0.170000	2.400000	0.000000	1	1	10.000000	1072.715000	1090.000000	1072.885000
strap	Core	metal1		0.170000	2.400000	0.000000	1	1	10.000000	1075.115000	1090.000000	1075.285000
strap	Core	metal1		0.170000	2.400000	0.000000	1	1	10.000000	1077.515000	1090.000000	1077.685000
strap	Core	metal1		0.170000	2.400000	0.000000	1	1	10.000000	1079.915000	1090.000000	1080.085000
strap	Core	metal1		0.170000	2.400000	0.000000	1	1	10.000000	1082.315000	1090.000000	1082.485000
strap	Core	metal1		0.170000	2.400000	0.000000	1	1	10.000000	1084.715000	1090.000000	1084.885000
strap	Core	metal1		0.170000	2.400000	0.000000	1	1	10.000000	1087.115000	1090.000000	1087.285000
strap	Core	metal1		0.170000	2.400000	0.000000	1	1	10.000000	1089.515000	1090.000000	1089.685000
strap	Core	metal4		0.480000	56.000000	2.000000	0	0	57.760000	12.000000	58.240000	1090.000000
strap	Core	metal4		0.480000	56.000000	2.000000	0	0	113.760000	12.000000	114.240000	1090.000000
strap	Core	metal4		0.480000	56.000000	2.000000	0	0	169.760000	12.000000	170.240000	1090.000000
strap	Core	metal4		0.480000	56.000000	2.000000	0	0	225.760000	12.000000	226.240000	1090.000000
strap	Core	metal4		0.480000	56.000000	2.000000	0	0	281.760000	12.000000	282.240000	1090.000000
strap	Core	metal4		0.480000	56.000000	2.000000	0	0	337.760000	12.000000	338.240000	1090.000000
strap	Core	metal4		0.480000	56.000000	2.000000	0	0	393.760000	12.000000	394.240000	1090.000000
strap	Core	metal4		0.480000	56.000000	2.000000	0	0	449.760000	12.000000	450.240000	1090.000000
strap	Core	metal4		0.480000	56.000000	2.000000	0	0	505.760000	12.000000	506.240000	1090.000000
strap	Core	metal4		0.480000	56.000000	2.000000	0	0	561.760000	12.000000	562.240000	1090.000000
strap	Core	metal4		0.480000	56.000000	2.000000	0	0	617.760000	12.000000	618.240000	1090.000000
strap	Core	metal4		0.480000	56.000000	2.000000	0	0	673.760000	12.000000	674.240000	1090.000000
strap	Core	metal4		0.480000	56.000000	2.000000	0	0	729.760000	12.000000	730.240000	1090.000000
strap	Core	metal4		0.480000	56.000000	2.000000	0	0	785.760000	12.000000	786.240000	1090.000000
strap	Core	metal4		0.480000	56.000000	2.000000	0	0	841.760000	12.000000	842.240000	1090.000000
strap	Core	metal4		0.480000	56.000000	2.000000	0	0	897.760000	12.000000	898.240000	1090.000000
strap	Core	metal4		0.480000	56.000000	2.000000	0	0	953.760000	12.000000	954.240000	1090.000000
strap	Core	metal4		0.480000	56.000000	2.000000	0	0	1009.760000	12.000000	1010.240000	1090.000000
strap	Core	metal4		0.480000	56.000000	2.000000	0	0	1065.760000	12.000000	1066.240000	1090.000000
strap	Core	metal7		1.400000	30.000000	2.000000	0	1	10.000000	31.300000	1090.000000	32.700000
strap	Core	metal7		1.400000	30.000000	2.000000	0	1	10.000000	61.300000	1090.000000	62.700000
strap	Core	metal7		1.400000	30.000000	2.000000	0	1	10.000000	91.300000	1090.000000	92.700000
strap	Core	metal7		1.400000	30.000000	2.000000	0	1	10.000000	121.300000	1090.000000	122.700000
strap	Core	metal7		1.400000	30.000000	2.000000	0	1	10.000000	151.300000	1090.000000	152.700000
strap	Core	metal7		1.400000	30.000000	2.000000	0	1	10.000000	181.300000	1090.000000	182.700000
strap	Core	metal7		1.400000	30.000000	2.000000	0	1	10.000000	211.300000	1090.000000	212.700000
strap	Core	metal7		1.400000	30.000000	2.000000	0	1	10.000000	241.300000	1090.000000	242.700000
strap	Core	metal7		1.400000	30.000000	2.000000	0	1	10.000000	271.300000	1090.000000	272.700000
strap	Core	metal7		1.400000	30.000000	2.000000	0	1	10.000000	301.300000	1090.000000	302.700000
strap	Core	metal7		1.400000	30.000000	2.000000	0	1	10.000000	331.300000	1090.000000	332.700000
strap	Core	metal7		1.400000	30.000000	2.000000	0	1	10.000000	361.300000	1090.000000	362.700000
strap	Core	metal7		1.400000	30.000000	2.000000	0	1	10.000000	391.300000	1090.000000	392.700000
strap	Core	metal7		1.400000	30.000000	2.000000	0	1	10.000000	421.300000	1090.000000	422.700000
strap	Core	metal7		1.400000	30.000000	2.000000	0	1	10.000000	451.300000	1090.000000	452.700000
strap	Core	metal7		1.400000	30.000000	2.000000	0	1	10.000000	481.300000	1090.000000	482.700000
strap	Core	metal7		1.400000	30.000000	2.000000	0	1	10.000000	511.300000	1090.000000	512.700000
strap	Core	metal7		1.400000	30.000000	2.000000	0	1	10.000000	541.300000	1090.000000	542.700000
strap	Core	metal7		1.400000	30.000000	2.000000	0	1	10.000000	571.300000	1090.000000	572.700000
strap	Core	metal7		1.400000	30.000000	2.000000	0	1	10.000000	601.300000	1090.000000	602.700000
strap	Core	metal7		1.400000	30.000000	2.000000	0	1	10.000000	631.300000	1090.000000	632.700000
strap	Core	metal7		1.400000	30.000000	2.000000	0	1	10.000000	661.300000	1090.000000	662.700000
strap	Core	metal7		1.400000	30.000000	2.000000	0	1	10.000000	691.300000	1090.000000	692.700000
strap	Core	metal7		1.400000	30.000000	2.000000	0	1	10.000000	721.300000	1090.000000	722.700000
strap	Core	metal7		1.400000	30.000000	2.000000	0	1	10.000000	751.300000	1090.000000	752.700000
strap	Core	metal7		1.400000	30.000000	2.000000	0	1	10.000000	781.300000	1090.000000	782.700000
strap	Core	metal7		1.400000	30.000000	2.000000	0	1	10.000000	811.300000	1090.000000	812.700000
strap	Core	metal7		1.400000	30.000000	2.000000	0	1	10.000000	841.300000	1090.000000	842.700000
strap	Core	metal7		1.400000	30.000000	2.000000	0	1	10.000000	871.300000	1090.000000	872.700000
strap	Core	metal7		1.400000	30.000000	2.000000	0	1	10.000000	901.300000	1090.000000	902.700000
strap	Core	metal7		1.400000	30.000000	2.000000	0	1	10.000000	931.300000	1090.000000	932.700000
strap	Core	metal7		1.400000	30.000000	2.000000	0	1	10.000000	961.300000	1090.000000	962.700000
strap	Core	metal7		1.400000	30.000000	2.000000	0	1	10.000000	991.300000	1090.000000	992.700000
strap	Core	metal7		1.400000	30.000000	2.000000	0	1	10.000000	1021.300000	1090.000000	1022.700000
strap	Core	metal7		1.400000	30.000000	2.000000	0	1	10.000000	1051.300000	1090.000000	1052.700000
strap	Core	metal7		1.400000	30.000000	2.000000	0	1	10.000000	1081.300000	1090.000000	1082.700000
strap	Core	metal8		1.400000	40.000000	2.000000	0	0	41.300000	12.000000	42.700000	1090.000000
strap	Core	metal8		1.400000	40.000000	2.000000	0	0	81.300000	12.000000	82.700000	1090.000000
strap	Core	metal8		1.400000	40.000000	2.000000	0	0	121.300000	12.000000	122.700000	1090.000000
strap	Core	metal8		1.400000	40.000000	2.000000	0	0	161.300000	12.000000	162.700000	1090.000000
strap	Core	metal8		1.400000	40.000000	2.000000	0	0	201.300000	12.000000	202.700000	1090.000000
strap	Core	metal8		1.400000	40.000000	2.000000	0	0	241.300000	12.000000	242.700000	1090.000000
strap	Core	metal8		1.400000	40.000000	2.000000	0	0	281.300000	12.000000	282.700000	1090.000000
strap	Core	metal8		1.400000	40.000000	2.000000	0	0	321.300000	12.000000	322.700000	1090.000000
strap	Core	metal8		1.400000	40.000000	2.000000	0	0	361.300000	12.000000	362.700000	1090.000000
strap	Core	metal8		1.400000	40.000000	2.000000	0	0	401.300000	12.000000	402.700000	1090.000000
strap	Core	metal8		1.400000	40.000000	2.000000	0	0	441.300000	12.000000	442.700000	1090.000000
strap	Core	metal8		1.400000	40.000000	2.000000	0	0	481.300000	12.000000	482.700000	1090.000000
strap	Core	metal8		1.400000	40.000000	2.000000	0	0	521.300000	12.000000	522.700000	1090.000000
strap	Core	metal8		1.400000	40.000000	2.000000	0	0	561.300000	12.000000	562.700000	1090.000000
strap	Core	metal8		1.400000	40.000000	2.000000	0	0	601.300000	12.000000	602.700000	1090.000000
strap	Core	metal8		1.400000	40.000000	2.000000	0	0	641.300000	12.000000	642.700000	1090.000000
strap	Core	metal8		1.400000	40.000000	2.000000	0	0	681.300000	12.000000	682.700000	1090.000000
strap	Core	metal8		1.400000	40.000000	2.000000	0	0	721.300000	12.000000	722.700000	1090.000000
strap	Core	metal8		1.400000	40.000000	2.000000	0	0	761.300000	12.000000	762.700000	1090.000000
strap	Core	metal8		1.400000	40.000000	2.000000	0	0	801.300000	12.000000	802.700000	1090.000000
strap	Core	metal8		1.400000	40.000000	2.000000	0	0	841.300000	12.000000	842.700000	1090.000000
strap	Core	metal8		1.400000	40.000000	2.000000	0	0	881.300000	12.000000	882.700000	1090.000000
strap	Core	metal8		1.400000	40.000000	2.000000	0	0	921.300000	12.000000	922.700000	1090.000000
strap	Core	metal8		1.400000	40.000000	2.000000	0	0	961.300000	12.000000	962.700000	1090.000000
strap	Core	metal8		1.400000	40.000000	2.000000	0	0	1001.300000	12.000000	1002.700000	1090.000000
strap	Core	metal8		1.400000	40.000000	2.000000	0	0	1041.300000	12.000000	1042.700000	1090.000000
strap	Core	metal8		1.400000	40.000000	2.000000	0	0	1081.300000	12.000000	1082.700000	1090.000000
strap	Core	metal9		1.400000	40.000000	2.000000	0	1	10.000000	41.300000	1090.000000	42.700000
strap	Core	metal9		1.400000	40.000000	2.000000	0	1	10.000000	81.300000	1090.000000	82.700000
strap	Core	metal9		1.400000	40.000000	2.000000	0	1	10.000000	121.300000	1090.000000	122.700000
strap	Core	metal9		1.400000	40.000000	2.000000	0	1	10.000000	161.300000	1090.000000	162.700000
strap	Core	metal9		1.400000	40.000000	2.000000	0	1	10.000000	201.300000	1090.000000	202.700000
strap	Core	metal9		1.400000	40.000000	2.000000	0	1	10.000000	241.300000	1090.000000	242.700000
strap	Core	metal9		1.400000	40.000000	2.000000	0	1	10.000000	281.300000	1090.000000	282.700000
strap	Core	metal9		1.400000	40.000000	2.000000	0	1	10.000000	321.300000	1090.000000	322.700000
strap	Core	metal9		1.400000	40.000000	2.000000	0	1	10.000000	361.300000	1090.000000	362.700000
strap	Core	metal9		1.400000	40.000000	2.000000	0	1	10.000000	401.300000	1090.000000	402.700000
strap	Core	metal9		1.400000	40.000000	2.000000	0	1	10.000000	441.300000	1090.000000	442.700000
strap	Core	metal9		1.400000	40.000000	2.000000	0	1	10.000000	481.300000	1090.000000	482.700000
strap	Core	metal9		1.400000	40.000000	2.000000	0	1	10.000000	521.300000	1090.000000	522.700000
strap	Core	metal9		1.400000	40.000000	2.000000	0	1	10.000000	561.300000	1090.000000	562.700000
strap	Core	metal9		1.400000	40.000000	2.000000	0	1	10.000000	601.300000	1090.000000	602.700000
strap	Core	metal9		1.400000	40.000000	2.000000	0	1	10.000000	641.300000	1090.000000	642.700000
strap	Core	metal9		1.400000	40.000000	2.000000	0	1	10.000000	681.300000	1090.000000	682.700000
strap	Core	metal9		1.400000	40.000000	2.000000	0	1	10.000000	721.300000	1090.000000	722.700000
strap	Core	metal9		1.400000	40.000000	2.000000	0	1	10.000000	761.300000	1090.000000	762.700000
strap	Core	metal9		1.400000	40.000000	2.000000	0	1	10.000000	801.300000	1090.000000	802.700000
strap	Core	metal9		1.400000	40.000000	2.000000	0	1	10.000000	841.300000	1090.000000	842.700000
strap	Core	metal9		1.400000	40.000000	2.000000	0	1	10.000000	881.300000	1090.000000	882.700000
strap	Core	metal9		1.400000	40.000000	2.000000	0	1	10.000000	921.300000	1090.000000	922.700000
strap	Core	metal9		1.400000	40.000000	2.000000	0	1	10.000000	961.300000	1090.000000	962.700000
strap	Core	metal9		1.400000	40.000000	2.000000	0	1	10.000000	1001.300000	1090.000000	1002.700000
strap	Core	metal9		1.400000	40.000000	2.000000	0	1	10.000000	1041.300000	1090.000000	1042.700000
strap	Core	metal9		1.400000	40.000000	2.000000	0	1	10.000000	1081.300000	1090.000000	1082.700000
strap	CORE_macro_grid_1	metal5		0.930000	10.000000	2.000000	0	1	10.000000	12.000000	1090.000000	12.465000
strap	CORE_macro_grid_1	metal5		0.930000	10.000000	2.000000	0	1	10.000000	21.535000	1090.000000	22.465000
strap	CORE_macro_grid_1	metal5		0.930000	10.000000	2.000000	0	1	10.000000	31.535000	1090.000000	32.465000
strap	CORE_macro_grid_1	metal5		0.930000	10.000000	2.000000	0	1	10.000000	41.535000	1090.000000	42.465000
strap	CORE_macro_grid_1	metal5		0.930000	10.000000	2.000000	0	1	10.000000	51.535000	1090.000000	52.465000
strap	CORE_macro_grid_1	metal5		0.930000	10.000000	2.000000	0	1	10.000000	61.535000	1090.000000	62.465000
strap	CORE_macro_grid_1	metal5		0.930000	10.000000	2.000000	0	1	10.000000	71.535000	1090.000000	72.465000
strap	CORE_macro_grid_1	metal5		0.930000	10.000000	2.000000	0	1	10.000000	81.535000	1090.000000	82.465000
strap	CORE_macro_grid_1	metal5		0.930000	10.000000	2.000000	0	1	10.000000	91.535000	1090.000000	92.465000
strap	CORE_macro_grid_1	metal5		0.930000	10.000000	2.000000	0	1	10.000000	101.535000	1090.000000	102.465000
strap	CORE_macro_grid_1	metal5		0.930000	10.000000	2.000000	0	1	10.000000	111.535000	1090.000000	112.465000
strap	CORE_macro_grid_1	metal5		0.930000	10.000000	2.000000	0	1	10.000000	121.535000	1090.000000	122.465000
strap	CORE_macro_grid_1	metal5		0.930000	10.000000	2.000000	0	1	10.000000	131.535000	1090.000000	132.465000
strap	CORE_macro_grid_1	metal5		0.930000	10.000000	2.000000	0	1	10.000000	141.535000	1090.000000	142.465000
strap	CORE_macro_grid_1	metal5		0.930000	10.000000	2.000000	0	1	10.000000	151.535000	1090.000000	152.465000
strap	CORE_macro_grid_1	metal5		0.930000	10.000000	2.000000	0	1	10.000000	161.535000	1090.000000	162.465000
strap	CORE_macro_grid_1	metal5		0.930000	10.000000	2.000000	0	1	10.000000	171.535000	1090.000000	172.465000
strap	CORE_macro_grid_1	metal5		0.930000	10.000000	2.000000	0	1	10.000000	181.535000	1090.000000	182.465000
strap	CORE_macro_grid_1	metal5		0.930000	10.000000	2.000000	0	1	10.000000	191.535000	1090.000000	192.465000
strap	CORE_macro_grid_1	metal5		0.930000	10.000000	2.000000	0	1	10.000000	201.535000	1090.000000	202.465000
strap	CORE_macro_grid_1	metal5		0.930000	10.000000	2.000000	0	1	10.000000	211.535000	1090.000000	212.465000
strap	CORE_macro_grid_1	metal5		0.930000	10.000000	2.000000	0	1	10.000000	221.535000	1090.000000	222.465000
strap	CORE_macro_grid_1	metal5		0.930000	10.000000	2.000000	0	1	10.000000	231.535000	1090.000000	232.465000
strap	CORE_macro_grid_1	metal5		0.930000	10.000000	2.000000	0	1	10.000000	241.535000	1090.000000	242.465000
strap	CORE_macro_grid_1	metal5		0.930000	10.000000	2.000000	0	1	10.000000	251.535000	1090.000000	252.465000
strap	CORE_macro_grid_1	metal5		0.930000	10.000000	2.000000	0	1	10.000000	261.535000	1090.000000	262.465000
strap	CORE_macro_grid_1	metal5		0.930000	10.000000	2.000000	0	1	10.000000	271.535000	1090.000000	272.465000
strap	CORE_macro_grid_1	metal5		0.930000	10.000000	2.000000	0	1	10.000000	281.535000	1090.000000	282.465000
strap	CORE_macro_grid_1	metal5		0.930000	10.000000	2.000000	0	1	10.000000	291.535000	1090.000000	292.465000
strap	CORE_macro_grid_1	metal5		0.930000	10.000000	2.000000	0	1	10.000000	301.535000	1090.000000	302.465000
strap	CORE_macro_grid_1	metal5		0.930000	10.000000	2.000000	0	1	10.000000	311.535000	1090.000000	312.465000
strap	CORE_macro_grid_1	metal5		0.930000	10.000000	2.000000	0	1	10.000000	321.535000	1090.000000	322.465000
strap	CORE_macro_grid_1	metal5		0.930000	10.000000	2.000000	0	1	10.000000	331.535000	1090.000000	332.465000
strap	CORE_macro_grid_1	metal5		0.930000	10.000000	2.000000	0	1	10.000000	341.535000	1090.000000	342.465000
strap	CORE_macro_grid_1	metal5		0.930000	10.000000	2.000000	0	1	10.000000	351.535000	1090.000000	352.465000
strap	CORE_macro_grid_1	metal5		0.930000	10.000000	2.000000	0	1	10.000000	361.535000	1090.000000	362.465000
strap	CORE_macro_grid_1	metal5		0.930000	10.000000	2.000000	0	1	10.000000	371.535000	1090.000000	372.465000
strap	CORE_macro_grid_1	metal5		0.930000	10.000000	2.000000	0	1	10.000000	381.535000	1090.000000	382.465000
strap	CORE_macro_grid_1	metal5		0.930000	10.000000	2.000000	0	1	10.000000	391.535000	1090.000000	392.465000
strap	CORE_macro_grid_1	metal5		0.930000	10.000000	2.000000	0	1	10.000000	401.535000	1090.000000	402.465000
strap	CORE_macro_grid_1	metal5		0.930000	10.000000	2.000000	0	1	10.000000	411.535000	1090.000000	412.465000
strap	CORE_macro_grid_1	metal5		0.930000	10.000000	2.000000	0	1	10.000000	421.535000	1090.000000	422.465000
strap	CORE_macro_grid_1	metal5		0.930000	10.000000	2.000000	0	1	10.000000	431.535000	1090.000000	432.465000
strap	CORE_macro_grid_1	metal5		0.930000	10.000000	2.000000	0	1	10.000000	441.535000	1090.000000	442.465000
strap	CORE_macro_grid_1	metal5		0.930000	10.000000	2.000000	0	1	10.000000	451.535000	1090.000000	452.465000
strap	CORE_macro_grid_1	metal5		0.930000	10.000000	2.000000	0	1	10.000000	461.535000	1090.000000	462.465000
strap	CORE_macro_grid_1	metal5		0.930000	10.000000	2.000000	0	1	10.000000	471.535000	1090.000000	472.465000
strap	CORE_macro_grid_1	metal5		0.930000	10.000000	2.000000	0	1	10.000000	481.535000	1090.000000	482.465000
strap	CORE_macro_grid_1	metal5		0.930000	10.000000	2.000000	0	1	10.000000	491.535000	1090.000000	492.465000
strap	CORE_macro_grid_1	metal5		0.930000	10.000000	2.000000	0	1	10.000000	501.535000	1090.000000	502.465000
strap	CORE_macro_grid_1	metal5		0.930000	10.000000	2.000000	0	1	10.000000	511.535000	1090.000000	512.465000
strap	CORE_macro_grid_1	metal5		0.930000	10.000000	2.000000	0	1	10.000000	521.535000	1090.000000	522.465000
strap	CORE_macro_grid_1	metal5		0.930000	10.000000	2.000000	0	1	10.000000	531.535000	1090.000000	532.465000
strap	CORE_macro_grid_1	metal5		0.930000	10.000000	2.000000	0	1	10.000000	541.535000	1090.000000	542.465000
strap	CORE_macro_grid_1	metal5		0.930000	10.000000	2.000000	0	1	10.000000	551.535000	1090.000000	552.465000
strap	CORE_macro_grid_1	metal5		0.930000	10.000000	2.000000	0	1	10.000000	561.535000	1090.000000	562.465000
strap	CORE_macro_grid_1	metal5		0.930000	10.000000	2.000000	0	1	10.000000	571.535000	1090.000000	572.465000
strap	CORE_macro_grid_1	metal5		0.930000	10.000000	2.000000	0	1	10.000000	581.535000	1090.000000	582.465000
strap	CORE_macro_grid_1	metal5		0.930000	10.000000	2.000000	0	1	10.000000	591.535000	1090.000000	592.465000
strap	CORE_macro_grid_1	metal5		0.930000	10.000000	2.000000	0	1	10.000000	601.535000	1090.000000	602.465000
strap	CORE_macro_grid_1	metal5		0.930000	10.000000	2.000000	0	1	10.000000	611.535000	1090.000000	612.465000
strap	CORE_macro_grid_1	metal5		0.930000	10.000000	2.000000	0	1	10.000000	621.535000	1090.000000	622.465000
strap	CORE_macro_grid_1	metal5		0.930000	10.000000	2.000000	0	1	10.000000	631.535000	1090.000000	632.465000
strap	CORE_macro_grid_1	metal5		0.930000	10.000000	2.000000	0	1	10.000000	641.535000	1090.000000	642.465000
strap	CORE_macro_grid_1	metal5		0.930000	10.000000	2.000000	0	1	10.000000	651.535000	1090.000000	652.465000
strap	CORE_macro_grid_1	metal5		0.930000	10.000000	2.000000	0	1	10.000000	661.535000	1090.000000	662.465000
strap	CORE_macro_grid_1	metal5		0.930000	10.000000	2.000000	0	1	10.000000	671.535000	1090.000000	672.465000
strap	CORE_macro_grid_1	metal5		0.930000	10.000000	2.000000	0	1	10.000000	681.535000	1090.000000	682.465000
strap	CORE_macro_grid_1	metal5		0.930000	10.000000	2.000000	0	1	10.000000	691.535000	1090.000000	692.465000
strap	CORE_macro_grid_1	metal5		0.930000	10.000000	2.000000	0	1	10.000000	701.535000	1090.000000	702.465000
strap	CORE_macro_grid_1	metal5		0.930000	10.000000	2.000000	0	1	10.000000	711.535000	1090.000000	712.465000
strap	CORE_macro_grid_1	metal5		0.930000	10.000000	2.000000	0	1	10.000000	721.535000	1090.000000	722.465000
strap	CORE_macro_grid_1	metal5		0.930000	10.000000	2.000000	0	1	10.000000	731.535000	1090.000000	732.465000
strap	CORE_macro_grid_1	metal5		0.930000	10.000000	2.000000	0	1	10.000000	741.535000	1090.000000	742.465000
strap	CORE_macro_grid_1	metal5		0.930000	10.000000	2.000000	0	1	10.000000	751.535000	1090.000000	752.465000
strap	CORE_macro_grid_1	metal5		0.930000	10.000000	2.000000	0	1	10.000000	761.535000	1090.000000	762.465000
strap	CORE_macro_grid_1	metal5		0.930000	10.000000	2.000000	0	1	10.000000	771.535000	1090.000000	772.465000
strap	CORE_macro_grid_1	metal5		0.930000	10.000000	2.000000	0	1	10.000000	781.535000	1090.000000	782.465000
strap	CORE_macro_grid_1	metal5		0.930000	10.000000	2.000000	0	1	10.000000	791.535000	1090.000000	792.465000
strap	CORE_macro_grid_1	metal5		0.930000	10.000000	2.000000	0	1	10.000000	801.535000	1090.000000	802.465000
strap	CORE_macro_grid_1	metal5		0.930000	10.000000	2.000000	0	1	10.000000	811.535000	1090.000000	812.465000
strap	CORE_macro_grid_1	metal5		0.930000	10.000000	2.000000	0	1	10.000000	821.535000	1090.000000	822.465000
strap	CORE_macro_grid_1	metal5		0.930000	10.000000	2.000000	0	1	10.000000	831.535000	1090.000000	832.465000
strap	CORE_macro_grid_1	metal5		0.930000	10.000000	2.000000	0	1	10.000000	841.535000	1090.000000	842.465000
strap	CORE_macro_grid_1	metal5		0.930000	10.000000	2.000000	0	1	10.000000	851.535000	1090.000000	852.465000
strap	CORE_macro_grid_1	metal5		0.930000	10.000000	2.000000	0	1	10.000000	861.535000	1090.000000	862.465000
strap	CORE_macro_grid_1	metal5		0.930000	10.000000	2.000000	0	1	10.000000	871.535000	1090.000000	872.465000
strap	CORE_macro_grid_1	metal5		0.930000	10.000000	2.000000	0	1	10.000000	881.535000	1090.000000	882.465000
strap	CORE_macro_grid_1	metal5		0.930000	10.000000	2.000000	0	1	10.000000	891.535000	1090.000000	892.465000
strap	CORE_macro_grid_1	metal5		0.930000	10.000000	2.000000	0	1	10.000000	901.535000	1090.000000	902.465000
strap	CORE_macro_grid_1	metal5		0.930000	10.000000	2.000000	0	1	10.000000	911.535000	1090.000000	912.465000
strap	CORE_macro_grid_1	metal5		0.930000	10.000000	2.000000	0	1	10.000000	921.535000	1090.000000	922.465000
strap	CORE_macro_grid_1	metal5		0.930000	10.000000	2.000000	0	1	10.000000	931.535000	1090.000000	932.465000
strap	CORE_macro_grid_1	metal5		0.930000	10.000000	2.000000	0	1	10.000000	941.535000	1090.000000	942.465000
strap	CORE_macro_grid_1	metal5		0.930000	10.000000	2.000000	0	1	10.000000	951.535000	1090.000000	952.465000
strap	CORE_macro_grid_1	metal5		0.930000	10.000000	2.000000	0	1	10.000000	961.535000	1090.000000	962.465000
strap	CORE_macro_grid_1	metal5		0.930000	10.000000	2.000000	0	1	10.000000	971.535000	1090.000000	972.465000
strap	CORE_macro_grid_1	metal5		0.930000	10.000000	2.000000	0	1	10.000000	981.535000	1090.000000	982.465000
strap	CORE_macro_grid_1	metal5		0.930000	10.000000	2.000000	0	1	10.000000	991.535000	1090.000000	992.465000
strap	CORE_macro_grid_1	metal5		0.930000	10.000000	2.000000	0	1	10.000000	1001.535000	1090.000000	1002.465000
strap	CORE_macro_grid_1	metal5		0.930000	10.000000	2.000000	0	1	10.000000	1011.535000	1090.000000	1012.465000
strap	CORE_macro_grid_1	metal5		0.930000	10.000000	2.000000	0	1	10.000000	1021.535000	1090.000000	1022.465000
strap	CORE_macro_grid_1	metal5		0.930000	10.000000	2.000000	0	1	10.000000	1031.535000	1090.000000	1032.465000
strap	CORE_macro_grid_1	metal5		0.930000	10.000000	2.000000	0	1	10.000000	1041.535000	1090.000000	1042.465000
strap	CORE_macro_grid_1	metal5		0.930000	10.000000	2.000000	0	1	10.000000	1051.535000	1090.000000	1052.465000
strap	CORE_macro_grid_1	metal5		0.930000	10.000000	2.000000	0	1	10.000000	1061.535000	1090.000000	1062.465000
strap	CORE_macro_grid_1	metal5		0.930000	10.000000	2.000000	0	1	10.000000	1071.535000	1090.000000	1072.465000
strap	CORE_macro_grid_1	metal5		0.930000	10.000000	2.000000	0	1	10.000000	1081.535000	1090.000000	1082.465000
strap	CORE_macro_grid_1	metal6		0.930000	10.000000	2.000000	0	0	11.535000	12.000000	12.465000	1090.000000
strap	CORE_macro_grid_1	metal6		0.930000	10.000000	2.000000	0	0	21.535000	12.000000	22.465000	1090.000000
strap	CORE_macro_grid_1	metal6		0.930000	10.000000	2.000000	0	0	31.535000	12.000000	32.465000	1090.000000
strap	CORE_macro_grid_1	metal6		0.930000	10.000000	2.000000	0	0	41.535000	12.000000	42.465000	1090.000000
strap	CORE_macro_grid_1	metal6		0.930000	10.000000	2.000000	0	0	51.535000	12.000000	52.465000	1090.000000
strap	CORE_macro_grid_1	metal6		0.930000	10.000000	2.000000	0	0	61.535000	12.000000	62.465000	1090.000000
strap	CORE_macro_grid_1	metal6		0.930000	10.000000	2.000000	0	0	71.535000	12.000000	72.465000	1090.000000
strap	CORE_macro_grid_1	metal6		0.930000	10.000000	2.000000	0	0	81.535000	12.000000	82.465000	1090.000000
strap	CORE_macro_grid_1	metal6		0.930000	10.000000	2.000000	0	0	91.535000	12.000000	92.465000	1090.000000
strap	CORE_macro_grid_1	metal6		0.930000	10.000000	2.000000	0	0	101.535000	12.000000	102.465000	1090.000000
strap	CORE_macro_grid_1	metal6		0.930000	10.000000	2.000000	0	0	111.535000	12.000000	112.465000	1090.000000
strap	CORE_macro_grid_1	metal6		0.930000	10.000000	2.000000	0	0	121.535000	12.000000	122.465000	1090.000000
strap	CORE_macro_grid_1	metal6		0.930000	10.000000	2.000000	0	0	131.535000	12.000000	132.465000	1090.000000
strap	CORE_macro_grid_1	metal6		0.930000	10.000000	2.000000	0	0	141.535000	12.000000	142.465000	1090.000000
strap	CORE_macro_grid_1	metal6		0.930000	10.000000	2.000000	0	0	151.535000	12.000000	152.465000	1090.000000
strap	CORE_macro_grid_1	metal6		0.930000	10.000000	2.000000	0	0	161.535000	12.000000	162.465000	1090.000000
strap	CORE_macro_grid_1	metal6		0.930000	10.000000	2.000000	0	0	171.535000	12.000000	172.465000	1090.000000
strap	CORE_macro_grid_1	metal6		0.930000	10.000000	2.000000	0	0	181.535000	12.000000	182.465000	1090.000000
strap	CORE_macro_grid_1	metal6		0.930000	10.000000	2.000000	0	0	191.535000	12.000000	192.465000	1090.000000
strap	CORE_macro_grid_1	metal6		0.930000	10.000000	2.000000	0	0	201.535000	12.000000	202.465000	1090.000000
strap	CORE_macro_grid_1	metal6		0.930000	10.000000	2.000000	0	0	211.535000	12.000000	212.465000	1090.000000
strap	CORE_macro_grid_1	metal6		0.930000	10.000000	2.000000	0	0	221.535000	12.000000	222.465000	1090.000000
strap	CORE_macro_grid_1	metal6		0.930000	10.000000	2.000000	0	0	231.535000	12.000000	232.465000	1090.000000
strap	CORE_macro_grid_1	metal6		0.930000	10.000000	2.000000	0	0	241.535000	12.000000	242.465000	1090.000000
strap	CORE_macro_grid_1	metal6		0.930000	10.000000	2.000000	0	0	251.535000	12.000000	252.465000	1090.000000
strap	CORE_macro_grid_1	metal6		0.930000	10.000000	2.000000	0	0	261.535000	12.000000	262.465000	1090.000000
strap	CORE_macro_grid_1	metal6		0.930000	10.000000	2.000000	0	0	271.535000	12.000000	272.465000	1090.000000
strap	CORE_macro_grid_1	metal6		0.930000	10.000000	2.000000	0	0	281.535000	12.000000	282.465000	1090.000000
strap	CORE_macro_grid_1	metal6		0.930000	10.000000	2.000000	0	0	291.535000	12.000000	292.465000	1090.000000
strap	CORE_macro_grid_1	metal6		0.930000	10.000000	2.000000	0	0	301.535000	12.000000	302.465000	1090.000000
strap	CORE_macro_grid_1	metal6		0.930000	10.000000	2.000000	0	0	311.535000	12.000000	312.465000	1090.000000
strap	CORE_macro_grid_1	metal6		0.930000	10.000000	2.000000	0	0	321.535000	12.000000	322.465000	1090.000000
strap	CORE_macro_grid_1	metal6		0.930000	10.000000	2.000000	0	0	331.535000	12.000000	332.465000	1090.000000
strap	CORE_macro_grid_1	metal6		0.930000	10.000000	2.000000	0	0	341.535000	12.000000	342.465000	1090.000000
strap	CORE_macro_grid_1	metal6		0.930000	10.000000	2.000000	0	0	351.535000	12.000000	352.465000	1090.000000
strap	CORE_macro_grid_1	metal6		0.930000	10.000000	2.000000	0	0	361.535000	12.000000	362.465000	1090.000000
strap	CORE_macro_grid_1	metal6		0.930000	10.000000	2.000000	0	0	371.535000	12.000000	372.465000	1090.000000
strap	CORE_macro_grid_1	metal6		0.930000	10.000000	2.000000	0	0	381.535000	12.000000	382.465000	1090.000000
strap	CORE_macro_grid_1	metal6		0.930000	10.000000	2.000000	0	0	391.535000	12.000000	392.465000	1090.000000
strap	CORE_macro_grid_1	metal6		0.930000	10.000000	2.000000	0	0	401.535000	12.000000	402.465000	1090.000000
strap	CORE_macro_grid_1	metal6		0.930000	10.000000	2.000000	0	0	411.535000	12.000000	412.465000	1090.000000
strap	CORE_macro_grid_1	metal6		0.930000	10.000000	2.000000	0	0	421.535000	12.000000	422.465000	1090.000000
strap	CORE_macro_grid_1	metal6		0.930000	10.000000	2.000000	0	0	431.535000	12.000000	432.465000	1090.000000
strap	CORE_macro_grid_1	metal6		0.930000	10.000000	2.000000	0	0	441.535000	12.000000	442.465000	1090.000000
strap	CORE_macro_grid_1	metal6		0.930000	10.000000	2.000000	0	0	451.535000	12.000000	452.465000	1090.000000
strap	CORE_macro_grid_1	metal6		0.930000	10.000000	2.000000	0	0	461.535000	12.000000	462.465000	1090.000000
strap	CORE_macro_grid_1	metal6		0.930000	10.000000	2.000000	0	0	471.535000	12.000000	472.465000	1090.000000
strap	CORE_macro_grid_1	metal6		0.930000	10.000000	2.000000	0	0	481.535000	12.000000	482.465000	1090.000000
strap	CORE_macro_grid_1	metal6		0.930000	10.000000	2.000000	0	0	491.535000	12.000000	492.465000	1090.000000
strap	CORE_macro_grid_1	metal6		0.930000	10.000000	2.000000	0	0	501.535000	12.000000	502.465000	1090.000000
strap	CORE_macro_grid_1	metal6		0.930000	10.000000	2.000000	0	0	511.535000	12.000000	512.465000	1090.000000
strap	CORE_macro_grid_1	metal6		0.930000	10.000000	2.000000	0	0	521.535000	12.000000	522.465000	1090.000000
strap	CORE_macro_grid_1	metal6		0.930000	10.000000	2.000000	0	0	531.535000	12.000000	532.465000	1090.000000
strap	CORE_macro_grid_1	metal6		0.930000	10.000000	2.000000	0	0	541.535000	12.000000	542.465000	1090.000000
strap	CORE_macro_grid_1	metal6		0.930000	10.000000	2.000000	0	0	551.535000	12.000000	552.465000	1090.000000
strap	CORE_macro_grid_1	metal6		0.930000	10.000000	2.000000	0	0	561.535000	12.000000	562.465000	1090.000000
strap	CORE_macro_grid_1	metal6		0.930000	10.000000	2.000000	0	0	571.535000	12.000000	572.465000	1090.000000
strap	CORE_macro_grid_1	metal6		0.930000	10.000000	2.000000	0	0	581.535000	12.000000	582.465000	1090.000000
strap	CORE_macro_grid_1	metal6		0.930000	10.000000	2.000000	0	0	591.535000	12.000000	592.465000	1090.000000
strap	CORE_macro_grid_1	metal6		0.930000	10.000000	2.000000	0	0	601.535000	12.000000	602.465000	1090.000000
strap	CORE_macro_grid_1	metal6		0.930000	10.000000	2.000000	0	0	611.535000	12.000000	612.465000	1090.000000
strap	CORE_macro_grid_1	metal6		0.930000	10.000000	2.000000	0	0	621.535000	12.000000	622.465000	1090.000000
strap	CORE_macro_grid_1	metal6		0.930000	10.000000	2.000000	0	0	631.535000	12.000000	632.465000	1090.000000
strap	CORE_macro_grid_1	metal6		0.930000	10.000000	2.000000	0	0	641.535000	12.000000	642.465000	1090.000000
strap	CORE_macro_grid_1	metal6		0.930000	10.000000	2.000000	0	0	651.535000	12.000000	652.465000	1090.000000
strap	CORE_macro_grid_1	metal6		0.930000	10.000000	2.000000	0	0	661.535000	12.000000	662.465000	1090.000000
strap	CORE_macro_grid_1	metal6		0.930000	10.000000	2.000000	0	0	671.535000	12.000000	672.465000	1090.000000
strap	CORE_macro_grid_1	metal6		0.930000	10.000000	2.000000	0	0	681.535000	12.000000	682.465000	1090.000000
strap	CORE_macro_grid_1	metal6		0.930000	10.000000	2.000000	0	0	691.535000	12.000000	692.465000	1090.000000
strap	CORE_macro_grid_1	metal6		0.930000	10.000000	2.000000	0	0	701.535000	12.000000	702.465000	1090.000000
strap	CORE_macro_grid_1	metal6		0.930000	10.000000	2.000000	0	0	711.535000	12.000000	712.465000	1090.000000
strap	CORE_macro_grid_1	metal6		0.930000	10.000000	2.000000	0	0	721.535000	12.000000	722.465000	1090.000000
strap	CORE_macro_grid_1	metal6		0.930000	10.000000	2.000000	0	0	731.535000	12.000000	732.465000	1090.000000
strap	CORE_macro_grid_1	metal6		0.930000	10.000000	2.000000	0	0	741.535000	12.000000	742.465000	1090.000000
strap	CORE_macro_grid_1	metal6		0.930000	10.000000	2.000000	0	0	751.535000	12.000000	752.465000	1090.000000
strap	CORE_macro_grid_1	metal6		0.930000	10.000000	2.000000	0	0	761.535000	12.000000	762.465000	1090.000000
strap	CORE_macro_grid_1	metal6		0.930000	10.000000	2.000000	0	0	771.535000	12.000000	772.465000	1090.000000
strap	CORE_macro_grid_1	metal6		0.930000	10.000000	2.000000	0	0	781.535000	12.000000	782.465000	1090.000000
strap	CORE_macro_grid_1	metal6		0.930000	10.000000	2.000000	0	0	791.535000	12.000000	792.465000	1090.000000
strap	CORE_macro_grid_1	metal6		0.930000	10.000000	2.000000	0	0	801.535000	12.000000	802.465000	1090.000000
strap	CORE_macro_grid_1	metal6		0.930000	10.000000	2.000000	0	0	811.535000	12.000000	812.465000	1090.000000
strap	CORE_macro_grid_1	metal6		0.930000	10.000000	2.000000	0	0	821.535000	12.000000	822.465000	1090.000000
strap	CORE_macro_grid_1	metal6		0.930000	10.000000	2.000000	0	0	831.535000	12.000000	832.465000	1090.000000
strap	CORE_macro_grid_1	metal6		0.930000	10.000000	2.000000	0	0	841.535000	12.000000	842.465000	1090.000000
strap	CORE_macro_grid_1	metal6		0.930000	10.000000	2.000000	0	0	851.535000	12.000000	852.465000	1090.000000
strap	CORE_macro_grid_1	metal6		0.930000	10.000000	2.000000	0	0	861.535000	12.000000	862.465000	1090.000000
strap	CORE_macro_grid_1	metal6		0.930000	10.000000	2.000000	0	0	871.535000	12.000000	872.465000	1090.000000
strap	CORE_macro_grid_1	metal6		0.930000	10.000000	2.000000	0	0	881.535000	12.000000	882.465000	1090.000000
strap	CORE_macro_grid_1	metal6		0.930000	10.000000	2.000000	0	0	891.535000	12.000000	892.465000	1090.000000
strap	CORE_macro_grid_1	metal6		0.930000	10.000000	2.000000	0	0	901.535000	12.000000	902.465000	1090.000000
strap	CORE_macro_grid_1	metal6		0.930000	10.000000	2.000000	0	0	911.535000	12.000000	912.465000	1090.000000
strap	CORE_macro_grid_1	metal6		0.930000	10.000000	2.000000	0	0	921.535000	12.000000	922.465000	1090.000000
strap	CORE_macro_grid_1	metal6		0.930000	10.000000	2.000000	0	0	931.535000	12.000000	932.465000	1090.000000
strap	CORE_macro_grid_1	metal6		0.930000	10.000000	2.000000	0	0	941.535000	12.000000	942.465000	1090.000000
strap	CORE_macro_grid_1	metal6		0.930000	10.000000	2.000000	0	0	951.535000	12.000000	952.465000	1090.000000
strap	CORE_macro_grid_1	metal6		0.930000	10.000000	2.000000	0	0	961.535000	12.000000	962.465000	1090.000000
strap	CORE_macro_grid_1	metal6		0.930000	10.000000	2.000000	0	0	971.535000	12.000000	972.465000	1090.000000
strap	CORE_macro_grid_1	metal6		0.930000	10.000000	2.000000	0	0	981.535000	12.000000	982.465000	1090.000000
strap	CORE_macro_grid_1	metal6		0.930000	10.000000	2.000000	0	0	991.535000	12.000000	992.465000	1090.000000
strap	CORE_macro_grid_1	metal6		0.930000	10.000000	2.000000	0	0	1001.535000	12.000000	1002.465000	1090.000000
strap	CORE_macro_grid_1	metal6		0.930000	10.000000	2.000000	0	0	1011.535000	12.000000	1012.465000	1090.000000
strap	CORE_macro_grid_1	metal6		0.930000	10.000000	2.000000	0	0	1021.535000	12.000000	1022.465000	1090.000000
strap	CORE_macro_grid_1	metal6		0.930000	10.000000	2.000000	0	0	1031.535000	12.000000	1032.465000	1090.000000
strap	CORE_macro_grid_1	metal6		0.930000	10.000000	2.000000	0	0	1041.535000	12.000000	1042.465000	1090.000000
strap	CORE_macro_grid_1	metal6		0.930000	10.000000	2.000000	0	0	1051.535000	12.000000	1052.465000	1090.000000
strap	CORE_macro_grid_1	metal6		0.930000	10.000000	2.000000	0	0	1061.535000	12.000000	1062.465000	1090.000000
strap	CORE_macro_grid_1	metal6		0.930000	10.000000	2.000000	0	0	1071.535000	12.000000	1072.465000	1090.000000
strap	CORE_macro_grid_1	metal6		0.930000	10.000000	2.000000	0	0	1081.535000	12.000000	1082.465000	1090.000000
strap	CORE_macro_grid_2	metal6		0.930000	40.000000	2.000000	0	0	41.535000	12.000000	42.465000	1090.000000
strap	CORE_macro_grid_2	metal6		0.930000	40.000000	2.000000	0	0	81.535000	12.000000	82.465000	1090.000000
strap	CORE_macro_grid_2	metal6		0.930000	40.000000	2.000000	0	0	121.535000	12.000000	122.465000	1090.000000
strap	CORE_macro_grid_2	metal6		0.930000	40.000000	2.000000	0	0	161.535000	12.000000	162.465000	1090.000000
strap	CORE_macro_grid_2	metal6		0.930000	40.000000	2.000000	0	0	201.535000	12.000000	202.465000	1090.000000
strap	CORE_macro_grid_2	metal6		0.930000	40.000000	2.000000	0	0	241.535000	12.000000	242.465000	1090.000000
strap	CORE_macro_grid_2	metal6		0.930000	40.000000	2.000000	0	0	281.535000	12.000000	282.465000	1090.000000
strap	CORE_macro_grid_2	metal6		0.930000	40.000000	2.000000	0	0	321.535000	12.000000	322.465000	1090.000000
strap	CORE_macro_grid_2	metal6		0.930000	40.000000	2.000000	0	0	361.535000	12.000000	362.465000	1090.000000
strap	CORE_macro_grid_2	metal6		0.930000	40.000000	2.000000	0	0	401.535000	12.000000	402.465000	1090.000000
strap	CORE_macro_grid_2	metal6		0.930000	40.000000	2.000000	0	0	441.535000	12.000000	442.465000	1090.000000
strap	CORE_macro_grid_2	metal6		0.930000	40.000000	2.000000	0	0	481.535000	12.000000	482.465000	1090.000000
strap	CORE_macro_grid_2	metal6		0.930000	40.000000	2.000000	0	0	521.535000	12.000000	522.465000	1090.000000
strap	CORE_macro_grid_2	metal6		0.930000	40.000000	2.000000	0	0	561.535000	12.000000	562.465000	1090.000000
strap	CORE_macro_grid_2	metal6		0.930000	40.000000	2.000000	0	0	601.535000	12.000000	602.465000	1090.000000
strap	CORE_macro_grid_2	metal6		0.930000	40.000000	2.000000	0	0	641.535000	12.000000	642.465000	1090.000000
strap	CORE_macro_grid_2	metal6		0.930000	40.000000	2.000000	0	0	681.535000	12.000000	682.465000	1090.000000
strap	CORE_macro_grid_2	metal6		0.930000	40.000000	2.000000	0	0	721.535000	12.000000	722.465000	1090.000000
strap	CORE_macro_grid_2	metal6		0.930000	40.000000	2.000000	0	0	761.535000	12.000000	762.465000	1090.000000
strap	CORE_macro_grid_2	metal6		0.930000	40.000000	2.000000	0	0	801.535000	12.000000	802.465000	1090.000000
strap	CORE_macro_grid_2	metal6		0.930000	40.000000	2.000000	0	0	841.535000	12.000000	842.465000	1090.000000
strap	CORE_macro_grid_2	metal6		0.930000	40.000000	2.000000	0	0	881.535000	12.000000	882.465000	1090.000000
strap	CORE_macro_grid_2	metal6		0.930000	40.000000	2.000000	0	0	921.535000	12.000000	922.465000	1090.000000
strap	CORE_macro_grid_2	metal6		0.930000	40.000000	2.000000	0	0	961.535000	12.000000	962.465000	1090.000000
strap	CORE_macro_grid_2	metal6		0.930000	40.000000	2.000000	0	0	1001.535000	12.000000	1002.465000	1090.000000
strap	CORE_macro_grid_2	metal6		0.930000	40.000000	2.000000	0	0	1041.535000	12.000000	1042.465000	1090.000000
strap	CORE_macro_grid_2	metal6		0.930000	40.000000	2.000000	0	0	1081.535000	12.000000	1082.465000	1090.000000
ring	Core	metal8		2.000000	5.000000	1.500000	0	0	1091.500000	5.500000	1093.500000	1096.500000
ring	Core	metal8		2.000000	5.000000	1.500000	0	0	1094.500000	5.500000	1096.500000	1096.500000
ring	Core	metal8		2.000000	5.000000	1.500000	0	0	6.500000	5.500000	8.500000	1096.500000
ring	Core	metal8		2.000000	5.000000	1.500000	0	0	3.500000	5.500000	5.500000	1096.500000
ring	Core	metal9		2.000000	5.000000	1.500000	0	1	3.500000	1091.500000	1096.500000	1093.500000
ring	Core	metal9		2.000000	5.000000	1.500000	0	1	3.500000	1094.500000	1096.500000	1096.500000
ring	Core	metal9		2.000000	5.000000	1.500000	0	1	3.500000	8.500000	1096.500000	10.500000
ring	Core	metal9		2.000000	5.000000	1.500000	0	1	3.500000	5.500000	1096.500000	7.500000
connect	Core	metal1	metal4									
connect	Core	metal4	metal7									
connect	Core	metal7	metal8									
connect	Core	metal8	metal9									
connect	CORE_macro_grid_1	metal4	metal5									
connect	CORE_macro_grid_1	metal5	metal6									
connect	CORE_macro_grid_1	metal6	metal7									
connect	CORE_macro_grid_2	metal4	metal6									
connect	CORE_macro_grid_2	metal6	metal7									
